"","Country.Name","SE.XPD.TOTL.GD.ZS_2010","SE.PRM.ENRR.FE_2010","SE.ENR.PRIM.FM.ZS_2010","SE.PRM.UNER_2010","SE.XPD.TOTL.GD.ZS_2011","SE.PRM.ENRR.FE_2011","SE.ENR.PRIM.FM.ZS_2011","SE.PRM.UNER_2011","SE.XPD.TOTL.GD.ZS_2012","SE.PRM.ENRR.FE_2012","SE.ENR.PRIM.FM.ZS_2012","SE.PRM.UNER_2012","SE.XPD.TOTL.GD.ZS_2013","SE.PRM.ENRR.FE_2013","SE.ENR.PRIM.FM.ZS_2013","SE.PRM.UNER_2013","SE.XPD.TOTL.GD.ZS_2014","SE.PRM.ENRR.FE_2014","SE.ENR.PRIM.FM.ZS_2014","SE.PRM.UNER_2014","SE.XPD.TOTL.GD.ZS_2015","SE.PRM.ENRR.FE_2015","SE.ENR.PRIM.FM.ZS_2015","SE.PRM.UNER_2015","SE.XPD.TOTL.GD.ZS_2016","SE.PRM.ENRR.FE_2016","SE.ENR.PRIM.FM.ZS_2016","SE.PRM.UNER_2016","SE.XPD.TOTL.GD.ZS_2017","SE.PRM.ENRR.FE_2017","SE.ENR.PRIM.FM.ZS_2017","SE.PRM.UNER_2017","SE.XPD.TOTL.GD.ZS_2018","SE.PRM.ENRR.FE_2018","SE.ENR.PRIM.FM.ZS_2018","SE.PRM.UNER_2018","SE.XPD.TOTL.GD.ZS_2019","SE.PRM.ENRR.FE_2019","SE.ENR.PRIM.FM.ZS_2019","SE.PRM.UNER_2019"
"1","Afghanistan",3.47945,80.63546,0.67981,NA,3.46201,80.93683,0.71258,NA,2.6042,86.32884,0.72026,NA,3.45446,85.90214,0.70286,NA,3.69522,86.7296,0.69825,NA,3.2558,83.50442,0.68081,NA,4.22836,82.55836,0.67937,NA,4.05887,82.08028,0.67617,NA,NA,82.85025,0.66691,NA,NA,NA,NA,NA
"2","Albania",NA,93.80494,1.00642,29727,NA,95.78378,1.01557,24907,NA,98.40964,1.01601,16471,3.5393,101.15748,1.02221,9113,NA,106.12752,1.03682,4527,3.43797,107.29018,1.0313,3929,3.96209,107.53385,1.03555,3988,3.61172,108.87005,1.03224,3628,NA,109.11123,1.03765,4085,NA,106.44361,1.02963,3359
"3","Algeria",NA,111.54048,0.93749,30997,NA,112.78835,0.9384,26336,NA,114.63906,0.94445,24848,NA,116.31155,0.94841,NA,NA,115.46546,0.95096,NA,NA,112.99054,0.9523,23175,NA,110.83654,0.94972,26224,NA,108.89749,0.95093,19722,NA,107.30229,0.95499,14211,NA,104.85988,0.95585,16430
"4","American Samoa",NA,NA,NA,NA,NA,NA,NA,NA,NA,NA,NA,NA,NA,NA,NA,NA,NA,NA,NA,NA,NA,NA,NA,NA,NA,NA,NA,NA,NA,NA,NA,NA,NA,NA,NA,NA,NA,NA,NA,NA
"5","Andorra",2.97663,NA,NA,NA,2.98706,NA,NA,NA,NA,NA,NA,NA,2.50616,NA,NA,NA,3.07421,NA,NA,NA,3.28035,NA,NA,NA,3.23707,NA,NA,NA,3.21709,NA,NA,NA,3.24672,NA,NA,NA,3.15162,NA,NA,NA
"6","Angola",3.42132,94.05665,0.79943,730775,NA,92.45637,0.62922,773837,NA,NA,NA,NA,NA,NA,NA,NA,NA,NA,NA,NA,NA,105.88815,0.87413,NA,NA,NA,NA,NA,NA,NA,NA,NA,NA,NA,NA,NA,NA,NA,NA,NA
"7","Antigua and Barbuda",NA,107.29104,0.91542,368,NA,106.41579,0.92814,170,NA,105.35117,0.95211,431,NA,NA,NA,NA,NA,103.29183,0.94992,534,NA,103.16389,0.96619,117,NA,NA,NA,NA,NA,102.82641,0.98406,235,NA,104.59891,0.99208,66,NA,NA,NA,NA
"8","Arab World",NA,92.08309,0.9229,6389977,NA,91.42187,0.91804,6612852,NA,93.87269,0.92944,6635164,NA,92.85067,0.93089,7112736,NA,92.77944,0.93668,7478493,NA,92.52657,0.94095,7509429,NA,92.39304,0.94133,7567118,NA,92.61421,0.94452,7438706,NA,92.84049,0.94617,7486016,NA,93.07939,0.94882,7677399
"9","Argentina",5.01971,116.22167,0.98741,25533,5.29063,114.91864,0.98824,24042,5.34583,113.53876,0.98823,24382,5.43661,111.52934,0.99157,17457,5.36144,111.34255,0.99794,4205,5.77611,111.2357,0.99881,2420,5.54549,110.60607,0.99764,19510,5.46223,109.62778,0.99797,18743,NA,NA,NA,NA,NA,NA,NA,NA
"10","Armenia",3.249,100.71847,1.03138,NA,3.14385,99.44019,1.01835,6728,2.77248,99.61921,1.0133,5023,2.65018,99.10623,1.01253,4874,2.24724,97.53677,1.01302,8641,2.80591,95.77111,1.01521,10601,2.75812,94.96555,1.0089,11786,2.70759,94.2442,1.00321,12428,NA,92.6959,0.99961,11426,NA,92.10543,1.00534,14928
"11","Aruba",6.92927,113.03634,0.98696,79,6.11913,103.71852,0.97171,NA,6.54906,105.40282,1.02508,NA,6.50538,114.72793,0.9781,NA,5.90521,115.20468,0.96864,7,5.97571,NA,NA,NA,5.52415,NA,NA,NA,NA,NA,NA,NA,NA,NA,NA,NA,NA,NA,NA,NA
"12","Australia",5.55006,105.52375,0.99824,9666,5.07451,105.54086,0.99726,44871,4.869,105.7682,0.99603,39575,5.22974,105.83486,0.99708,1212,5.16477,105.32171,0.9975,1742,5.31127,101.61505,1.00029,1861,5.27678,100.73303,0.99978,955,5.12425,100.33393,0.9999,7031,NA,100.1046,0.99891,9614,NA,NA,NA,NA
"13","Austria",5.70048,99.125,0.98708,7641,5.59227,99.25192,0.99052,9350,5.4804,100.1678,0.99167,5423,5.54711,100.63965,0.98905,3318,5.44762,101.29374,0.99359,2102,5.45658,101.52334,0.99097,1512,5.48435,101.99711,0.99492,663,5.35804,102.96837,0.99727,149,NA,103.04343,0.99488,143,NA,NA,NA,NA
"14","Azerbaijan",2.78062,93.23661,0.98953,64067,2.43564,94.57047,0.98052,49999,2.06763,96.88853,0.97977,38511,2.44213,98.8165,0.96903,8544,2.63304,105.49295,0.99002,3638,2.95168,105.63598,0.98318,5980,2.90341,105.8647,0.99011,4338,2.47382,104.19372,1.01633,12166,2.45543,100.01462,1.00546,24803,NA,99.53544,1.03081,55687
"15","Bahamas, The",NA,88.00042,0.97931,7390,NA,93.52548,0.97879,4371,NA,88.17143,0.97294,6347,NA,81.2956,0.97247,8729,NA,82.33325,0.97952,8422,NA,85.06866,0.97338,6982,NA,81.7346,1.00666,8399,NA,NA,NA,NA,NA,81.15878,0.99507,8533,NA,NA,NA,NA
"16","Bahrain",NA,NA,NA,NA,NA,95.7298,1.01779,7477,2.64531,95.77789,1.00892,6848,2.47689,98.50305,1.01669,5702,2.46746,100.35145,1.01229,3777,2.66808,101.70948,1.00991,1408,NA,102.16062,1.02083,1350,2.32781,100.99798,0.9958,585,NA,98.75316,0.98787,1188,NA,97.73763,0.99417,2770
"17","Bangladesh",NA,109.25345,1.06251,803773,2.1327,NA,NA,NA,2.1755,NA,NA,NA,1.96616,NA,NA,NA,NA,NA,NA,NA,NA,NA,NA,NA,1.53554,NA,NA,NA,NA,119.05796,1.07176,NA,NA,120.75175,1.07471,NA,1.32632,NA,NA,NA
"18","Barbados",6.0544,100.39665,1.01582,500,NA,98.32091,1.00073,981,5.26274,NA,NA,NA,5.14899,NA,NA,NA,6.1435,95.40845,1.00442,1449,NA,95.57431,0.99302,905,4.95139,97.16936,0.99771,418,4.36638,96.00156,0.96503,719,NA,97.46608,0.96328,328,NA,98.15725,0.95805,212
"19","Belarus",5.22004,104.25981,0.99795,2298,4.68479,102.06472,0.99883,2463,4.95964,99.84607,1.00062,2022,5.00942,98.30365,1.00191,6252,4.81831,98.46263,1.00314,7716,4.78752,99.22947,1.00156,5885,4.94655,101.22424,1.00284,2107,4.79499,101.67542,0.99448,3556,NA,100.38261,0.99773,5544,NA,NA,NA,NA
"20","Belgium",6.44259,101.80219,0.99766,11467,6.43199,101.84109,0.99797,10445,NA,102.03899,0.99586,8491,6.63053,103.89094,1.0013,8887,6.59047,103.63292,0.99971,9806,6.45157,103.06613,0.9983,7403,6.45954,103.25745,0.99886,5451,6.41228,103.9583,1.00099,2164,NA,103.60319,1.00478,4131,NA,NA,NA,NA
"21","Belize",6.71981,110.31811,0.96103,815,NA,108.94403,0.95712,1048,NA,111.82892,0.96648,115,6.42536,109.41333,0.956,436,6.61473,108.85525,0.95336,293,6.88889,110.18898,0.95398,190,7.28477,111.62242,0.95204,240,7.50989,110.36801,0.95157,148,7.56149,108.73155,0.9492,302,NA,108.59159,0.96679,221
"22","Benin",3.67997,113.18227,0.89164,75552,NA,115.83195,0.8949,77060,3.56202,120.94827,0.90724,67812,3.32751,122.963,0.91521,NA,3.16179,124.42811,0.92427,59910,3.17298,127.615,0.93024,NA,2.8991,126.53536,0.93627,NA,3.53559,122.3356,0.93503,52739,2.93397,117.95891,0.93733,50858,NA,112.39728,0.92968,120970
"23","Bermuda",2.64421,NA,NA,NA,NA,97.55535,0.98386,164,NA,95.58685,0.96771,315,NA,95.41109,0.97206,NA,1.78285,96.54165,0.96997,NA,1.6986,100.19871,0.98176,NA,NA,NA,NA,NA,1.50039,NA,NA,NA,NA,NA,NA,NA,NA,NA,NA,NA
"24","Bhutan",4.12473,109.44818,1.02275,12718,4.76523,111.66232,1.01408,11078,NA,112.7385,1.01488,8424,5.72275,107.47085,1.00978,8830,6.0449,106.22304,1.01405,NA,7.5901,104.80431,1.01085,9398,6.99333,102.90592,1.00472,9687,7.22574,101.26469,0.99865,9574,6.85084,100.22383,1.00166,7456,NA,NA,NA,NA
"25","Bolivia",NA,104.21731,0.99433,71018,NA,100.28627,0.99223,107307,NA,97.59756,0.98645,148890,NA,95.94832,0.9787,157794,NA,94.75959,0.97691,160472,NA,94.9035,0.97968,154801,NA,95.74906,0.98378,140451,NA,96.87381,0.98696,118356,NA,97.64904,0.99004,95364,NA,NA,NA,NA
"26","Bosnia and Herzegovina",NA,NA,NA,NA,NA,NA,NA,NA,NA,NA,NA,NA,NA,NA,NA,NA,NA,NA,NA,NA,NA,NA,NA,NA,NA,NA,NA,NA,NA,NA,NA,NA,NA,NA,NA,NA,NA,NA,NA,NA
"27","Botswana",NA,NA,NA,NA,NA,NA,NA,NA,NA,104.10452,0.98179,35318,NA,103.6491,0.97483,35645,NA,102.14022,0.97034,36284,NA,102.06448,0.97776,NA,NA,NA,NA,NA,NA,NA,NA,NA,NA,NA,NA,NA,NA,NA,NA,NA
"28","Brazil",5.6488,NA,NA,NA,5.73741,127.55449,0.92918,489316,5.8551,NA,NA,NA,5.83885,NA,NA,NA,5.94848,NA,NA,NA,6.24106,NA,NA,NA,6.31404,NA,NA,NA,6.32255,NA,NA,NA,NA,NA,NA,NA,NA,NA,NA,NA
"29","British Virgin Islands",3.817,NA,NA,NA,NA,101.20887,0.9581,2,NA,101.93462,0.9695,171,NA,103.45061,0.9576,103,NA,108.65922,0.954,20,5.13479,114.52555,0.93656,NA,NA,118.67794,0.94539,NA,2.35899,125.92593,0.95761,NA,2.46599,102.45763,0.99819,48,NA,NA,NA,NA
"30","Brunei Darussalam",2.04661,106.30196,0.99564,NA,3.3221,106.48795,0.99404,NA,2.88959,105.44908,0.99112,106,NA,105.92838,0.99665,167,3.35319,105.53414,1.00076,62,NA,105.34552,0.99665,260,4.42541,107.06718,0.99899,59,NA,104.86244,1.00009,145,NA,103.59343,1.00833,295,NA,100.53287,1.00842,225
"31","Bulgaria",3.88239,108.15707,0.99688,450,3.56643,103.32466,0.99513,514,3.49485,99.89592,0.99165,6389,4.0742,97.61666,0.99136,11428,NA,96.28931,0.99253,15467,NA,93.70726,0.98992,21711,NA,90.58599,0.98943,29488,4.0925,89.05228,0.99389,34641,NA,87.19066,0.99441,39977,NA,NA,NA,NA
"32","Burkina Faso",3.50223,74.28184,0.91012,1041497,3.98515,78.47821,0.92762,945880,3.60316,81.77779,0.94733,945663,4.08344,84.26593,0.96726,944859,4.0533,86.17988,0.97429,937911,3.67009,87.20173,0.97444,917327,NA,90.09287,0.97828,761443,5.60347,92.92847,0.9849,746617,5.38379,95.27731,0.9835,689266,NA,94.28289,0.99476,748275
"33","Burundi",6.77525,136.38741,0.98866,59818,6.31925,141.29478,1.00663,NA,6.16786,140.26465,1.01582,NA,5.99536,137.95144,1.01945,NA,6.78452,136.47199,1.0328,NA,6.37054,132.81546,1.02956,NA,4.692,129.4978,1.02292,NA,4.76202,124.78438,1.01499,74286,5.07865,122.17842,1.0125,114262,NA,119.83962,1.01483,140973
"34","Cabo Verde",5.56729,107.02294,0.9293,3355,5.04361,104.80273,0.92575,4140,NA,103.47218,0.9214,3896,5.00144,104.05089,0.92664,4249,4.96387,103.22404,0.92505,4196,5.26691,101.7281,0.93139,4110,5.28879,100.23744,0.9322,4420,5.18175,99.66911,0.93291,4306,NA,100.4555,0.93421,3973,NA,NA,NA,NA
"35","Cambodia",1.53379,120.18495,0.94355,117131,1.51069,117.84765,0.93286,40924,1.5609,117.48235,0.93234,40982,2.05054,117.56851,0.90988,NA,1.90939,113.54032,0.94616,84830,NA,116.65059,0.99283,82584,NA,108.74761,0.97469,134186,NA,106.46344,0.97582,180125,2.16286,106.07808,0.976,186109,NA,105.0312,0.97389,190043
"36","Cameroon",2.99366,100.18631,0.86391,NA,2.76677,99.69366,0.86947,363235,2.69718,104.25835,0.87633,187344,2.76802,NA,NA,NA,2.68713,106.69805,0.89088,174485,2.76805,109.93873,0.89826,164168,2.65423,109.98694,0.90038,192130,3.15482,104.50628,0.90056,258823,3.1312,98.0121,0.90162,NA,NA,100.20982,0.90121,346513
"37","Canada",5.36993,98.90506,1.00521,NA,5.27444,98.54883,1.00714,NA,NA,100.06698,1.01077,12027,NA,100.91373,1.01116,12482,NA,102.15868,1.01199,13487,NA,102.90796,1.00807,9238,NA,101.06847,1.00086,1013,NA,100.81914,0.99759,2753,NA,101.2754,0.99566,5025,NA,NA,NA,NA
"38","Caribbean small states",NA,97.91643,0.97917,53525,NA,99.17152,0.98228,49852,NA,99.62442,0.98525,51087,NA,98.8509,0.97254,54402,NA,98.33717,0.97647,55271,NA,99.94649,1.00311,51935,NA,98.22032,0.98007,55824,NA,97.32838,0.98024,60576,NA,97.15853,0.97172,64658,NA,95.45425,0.98267,67504
"39","Cayman Islands",NA,NA,NA,NA,NA,95.52168,1.04012,482,NA,93.25323,1.03064,499,NA,88.38361,1.0195,598,NA,NA,NA,NA,NA,NA,NA,NA,NA,NA,NA,NA,NA,NA,NA,NA,NA,86.12836,0.96686,511,NA,NA,NA,NA
"40","Central African Republic",1.11761,73.40723,0.72568,244035,1.10792,74.54874,0.74024,264970,NA,75.71212,0.75847,252222,NA,NA,NA,NA,NA,NA,NA,NA,NA,NA,NA,NA,NA,89.3694,0.7801,NA,NA,NA,NA,NA,NA,NA,NA,NA,NA,NA,NA,NA
"41","Central Europe and the Baltics",NA,98.62449,0.9912,160742,NA,98.57657,0.99304,165109,NA,99.46705,0.99598,155687,NA,98.83572,0.99573,172337,NA,98.16121,0.9963,192673,NA,97.48528,0.99773,207711,NA,96.83118,0.99839,232060,NA,96.36232,0.99779,252049,NA,94.95187,0.99367,262743,NA,94.98712,0.99347,260320
"42","Chad",1.98194,69.10147,0.73016,NA,2.2579,75.72748,0.74618,816390,2.20615,79.79502,0.75326,NA,2.85071,86.31782,0.7579,509010,NA,87.31285,0.754,NA,NA,79.44822,0.76636,511634,NA,75.46867,0.76868,674855,2.45482,67.69158,0.75711,840265,NA,78.49581,0.77783,693571,NA,78.04171,0.77824,723879
"43","Channel Islands",NA,NA,NA,NA,NA,NA,NA,NA,NA,NA,NA,NA,NA,NA,NA,NA,NA,NA,NA,NA,NA,NA,NA,NA,NA,NA,NA,NA,NA,NA,NA,NA,NA,NA,NA,NA,NA,NA,NA,NA
"44","Chile",4.16209,102.22481,0.97152,42194,4.04519,101.71235,0.9683,49451,NA,101.55767,0.96834,51097,4.52943,99.81939,0.96874,57277,4.73095,99.34767,0.96944,56759,4.87531,99.13218,0.97015,54386,5.34201,99.45711,0.97082,45312,5.41946,99.94247,0.97158,33899,NA,100.664,0.97127,19351,NA,NA,NA,NA
"45","China",NA,98.04289,0.98268,NA,NA,98.24032,0.98486,NA,NA,99.19531,0.9889,NA,NA,99.43689,0.99761,NA,NA,95.83343,1.00072,NA,NA,96.44554,1.00246,NA,NA,98.22966,1.00509,NA,NA,99.90993,1.00948,NA,NA,100.83158,1.01135,NA,NA,102.56461,1.01172,NA
"46","Colombia",4.83383,119.29285,0.98337,92389,4.46608,115.65773,0.96707,112318,4.37039,113.04351,0.96788,196206,4.87855,114.74792,0.97471,NA,4.62946,112.65401,0.9682,NA,4.47039,113.40598,0.96946,140666,4.47721,114.59583,0.97279,175096,4.53551,113.11086,0.96862,100446,4.45749,112.75912,0.97025,85793,NA,NA,NA,NA
"47","Comoros",NA,NA,NA,NA,2.83045,98.87806,0.84609,NA,2.74784,NA,NA,NA,2.38276,103.78357,0.94202,13563,2.74473,101.1995,0.93166,15345,2.54506,NA,NA,NA,NA,NA,NA,NA,NA,97.23629,0.95721,17935,NA,99.42279,0.99835,22667,NA,NA,NA,NA
"48","Congo, Dem. Rep.",1.52498,93.03693,0.87039,NA,NA,94.11845,0.87043,NA,NA,98.84891,0.88215,NA,2.06221,101.28365,0.90629,NA,1.95143,104.89545,0.90907,NA,2.17044,107.57629,0.99266,NA,2.11869,NA,NA,NA,1.45495,NA,NA,NA,NA,114.67573,0.93854,NA,NA,NA,NA,NA
"49","Congo, Rep.",6.22079,106.09829,0.94572,88847,NA,106.08415,0.94428,NA,NA,110.50568,1.07474,73737,NA,NA,NA,NA,4.0172,NA,NA,NA,4.56147,NA,NA,NA,NA,NA,NA,NA,5.46505,NA,NA,NA,3.51105,NA,NA,NA,NA,NA,NA,NA
"50","Costa Rica",6.63445,115.7286,0.9806,NA,6.45535,114.84384,0.98253,166,6.68984,113.77843,0.98492,246,6.84934,111.59637,0.98748,2078,6.86952,111.27261,0.99129,9974,7.08254,110.97032,0.99426,8005,7.09768,112.08994,1.00577,6189,7.31572,111.46981,1.01129,13846,6.97857,113.80664,1.00888,509,7.04876,116.62112,1.00741,555
"51","Cote d'Ivoire",4.55346,NA,NA,NA,4.13755,72.19464,0.82792,NA,4.65411,75.60637,0.84137,NA,4.729,77.56193,0.85789,1136993,4.57743,80.61577,0.86716,987969,3.49416,84.87671,0.88031,864920,3.97232,90.62413,0.89618,489791,3.80348,93.81539,0.91179,430570,3.25603,95.97512,0.92644,241575,NA,97.23086,0.94057,199358
"52","Croatia",4.24204,91.97955,1.00075,9034,4.15011,93.39041,0.99694,4785,NA,96.40122,1.00045,1905,4.56487,99.84395,1.00303,2218,NA,100.78111,0.99586,1950,NA,100.57915,1,1851,NA,98.40669,1.0041,2636,3.91713,96.53224,1.00124,2304,NA,94.75321,1.0031,2766,NA,NA,NA,NA
"53","Cuba",12.83731,100.2241,0.97654,7007,NA,100.28652,0.97835,10264,NA,99.85049,0.98132,15962,NA,98.33487,0.98448,15699,NA,97.4364,0.9506,37618,NA,96.49493,0.94312,44344,NA,96.98299,0.95083,40376,NA,97.77472,0.94929,31515,NA,99.58639,0.95668,15680,NA,101.04029,0.96602,5703
"54","Curacao",NA,NA,NA,NA,NA,NA,NA,NA,NA,NA,NA,NA,4.93095,157.67288,0.96031,NA,NA,NA,NA,NA,NA,NA,NA,NA,NA,NA,NA,NA,NA,NA,NA,NA,NA,NA,NA,NA,NA,NA,NA,NA
"55","Cyprus",6.5428,101.63377,1.00018,19,6.53854,100.79486,0.99221,82,NA,100.05692,0.9977,710,6.48378,99.87841,1.00227,973,6.4485,99.58708,1.00852,1217,6.34636,99.29021,0.99981,758,6.1638,98.72413,1.00354,961,5.77719,99.36173,1.00108,754,NA,99.34234,0.99115,329,NA,NA,NA,NA
"56","Czech Republic",4.06446,103.59071,0.996,16,4.27214,100.47488,0.99449,3219,4.25086,99.32076,0.99908,2076,4.09089,98.77562,1.00067,5048,3.99462,98.67689,1.00017,3511,5.78885,99.69926,1.00358,1026,5.58738,100.49187,1.00552,1840,3.85402,100.95971,1.0056,1847,NA,100.81886,1.00602,2386,NA,NA,NA,NA
"57","Denmark",8.55955,99.68572,1.00204,4875,8.48486,100.47503,0.99409,4182,7.23782,100.89399,0.99111,2629,8.49443,101.00692,0.98968,1172,7.63485,100.70018,0.9886,2315,NA,100.76162,0.98671,275,NA,101.19146,0.98831,47,7.81608,100.93354,0.99359,944,NA,100.46653,0.99889,2813,NA,NA,NA,NA
"58","Djibouti",4.49022,NA,NA,NA,NA,69.28321,1.07869,37863,NA,72.36631,1.07973,NA,NA,71.78188,1.06331,37538,NA,72.9942,1.05233,29421,3.59024,72.83492,1.07193,35253,3.92439,71.88542,1.0673,37933,3.74856,71.9182,1.06238,35576,3.62774,71.18781,1.02351,33948,NA,75.11438,0.9957,30090
"59","Dominica",NA,101.84143,0.98288,NA,NA,107.99784,0.99417,88,NA,112.82782,0.97949,NA,NA,113.75409,0.98399,NA,NA,116.39496,1.00503,NA,3.40858,115.24678,0.98417,NA,NA,113.15034,0.97337,61,NA,NA,NA,NA,NA,NA,NA,NA,5.57345,98.70346,0.96776,228
"60","Dominican Republic",NA,103.41371,0.88124,54305,NA,104.31606,0.90545,56059,NA,102.4151,0.90383,70495,NA,103.77348,0.90808,73041,NA,102.2051,0.9066,93781,NA,106.21861,0.91242,52389,NA,105.81693,0.92314,53438,NA,103.96925,0.93251,61774,NA,102.47112,0.94176,65825,NA,109.43024,0.95223,45804
"61","Early-demographic dividend",NA,105.93799,0.99647,23721132,NA,106.25407,1.00019,24066776,NA,107.01172,1.00033,22314635,NA,108.97238,1.03033,20035565,NA,107.55848,1.02546,19576765,NA,107.82296,1.02568,19924428,NA,111.20213,1.04224,19423938,NA,109.83993,1.03644,19178322,NA,101.37502,0.98814,19584120,NA,101.33099,0.98817,19680314
"62","East Asia & Pacific",3.639499903,101.5117,0.9925,6504966,4.125804901,101.92427,0.99456,6165323,4.577460051,102.39311,0.99191,6063459,4.526404858,102.14612,0.99469,6385141,4.714849949,100.15152,0.99481,6219605,NA,100.23131,0.9931,6060627,NA,101.10995,0.99569,6231961,NA,101.73821,0.99693,5999393,NA,101.95658,0.99782,5953998,NA,103.34092,0.99752,6208333
"63","East Asia & Pacific (excluding high income)",4.076770067,101.45744,0.99179,6157825,4.60902977,101.88773,0.99396,5827165,4.865950108,102.43627,0.9912,5685627,4.53144002,102.24686,0.99424,5996836,NA,100.12212,0.99433,5870216,NA,100.27404,0.9925,5803268,NA,101.27043,0.99529,5927766,NA,101.96656,0.99667,5686941,NA,102.18127,0.99765,5663798,NA,103.41218,0.99723,5927426
"64","East Asia & Pacific (IDA & IBRD countries)",NA,101.48876,0.99176,6106183,NA,101.93502,0.99397,5758947,NA,102.50002,0.99121,5601255,NA,102.31916,0.99429,5896965,NA,100.19948,0.99438,5726277,NA,100.36376,0.99254,5642653,NA,101.38017,0.99535,5752094,NA,102.09187,0.99674,5496737,NA,102.31677,0.99773,5458759,NA,103.55719,0.9973,5724946
"65","Ecuador",4.50743,113.21941,1.00241,14251,4.72689,114.36654,1.00428,16225,4.64307,112.72615,1.00785,22018,5.00464,111.63215,1.00463,19637,5.26099,113.06673,1.00327,19364,4.9987,107.93711,1.00462,18294,NA,105.4088,1.00888,19917,NA,104.16268,1.01194,21217,NA,104.12743,1.01642,24550,NA,NA,NA,NA
"66","Egypt, Arab Rep.",NA,100.73978,0.97102,232505,NA,96.82499,0.95477,399760,NA,104.06121,0.98676,93461,NA,104.62894,0.99144,NA,NA,103.71776,0.99713,44389,NA,NA,NA,NA,NA,105.43012,1.00067,57267,NA,106.27984,1.00268,63338,NA,106.49911,1.00392,77552,NA,106.85143,1.00809,90674
"67","El Salvador",4.04807,112.25973,0.95479,NA,3.8985,111.37353,0.95319,NA,3.71247,109.57779,0.95209,NA,3.80149,107.03049,0.95352,NA,3.82416,103.93379,0.95772,50020,3.90988,100.42776,0.95835,64815,3.82524,97.77417,0.96099,74263,3.72523,94.4722,0.96637,102738,3.59242,93.26777,0.9683,95746,NA,NA,NA,NA
"68","Equatorial Guinea",NA,68.9304,0.98721,67334,NA,67.8272,0.9967,68909,NA,68.96216,0.99481,70017,NA,NA,NA,NA,NA,NA,NA,NA,NA,61.58919,0.99409,83611,NA,NA,NA,NA,NA,NA,NA,NA,NA,NA,NA,NA,NA,NA,NA,NA
"69","Eritrea",NA,76.91639,0.85265,117798,NA,78.62071,0.84012,114587,NA,79.69206,0.84254,113594,NA,94.32261,1.04512,144901,NA,73.43309,0.85368,162329,NA,70.39866,0.86172,186394,NA,NA,NA,NA,NA,63.19859,0.85945,238210,NA,63.07898,0.85746,241988,NA,NA,NA,NA
"70","Estonia",5.47338,102.24125,0.98516,404,4.96992,101.57171,0.99728,18,4.68269,100.82386,0.99748,34,4.81267,99.2785,0.99434,947,5.36708,97.7037,0.99398,1598,5.10685,97.14974,1.00007,2012,5.17054,97.1917,1.00148,2244,4.97338,97.25396,1.00048,2142,NA,97.7984,1.0026,1946,NA,NA,NA,NA
"71","Eswatini",6.11837,118.84358,0.90746,23434,6.86433,116.92562,0.88533,13336,NA,117.38054,0.90337,22581,NA,115.72332,0.9029,30229,7.07032,114.84558,0.90716,29136,NA,113.52822,0.90907,31776,NA,111.79143,0.91816,31985,NA,110.34846,0.92021,35890,NA,110.05198,0.92264,33794,NA,NA,NA,NA
"72","Ethiopia",4.49659,88.01612,0.92439,3811908,5.48576,90.36852,0.92113,3293817,5.56678,90.71758,0.92815,3113007,4.49855,NA,NA,NA,4.60202,94.96896,0.91799,2194044,4.73792,96.0853,0.90851,2306559,NA,NA,NA,NA,NA,NA,NA,NA,NA,NA,NA,NA,NA,NA,NA,NA
"73","Euro area",5.541399956,102.85994,0.99058,196064,5.31856513,102.75836,0.99228,160579,5.461319923,102.49703,0.9947,181012,5.376790047,102.95793,0.99694,202579,5.281619787,102.23052,0.99722,264100,NA,102.28719,0.99795,216592,NA,102.10309,0.99962,184999,NA,102.41336,0.99558,211827,NA,102.39953,0.99601,242502,NA,102.4511,0.99693,241279
"74","Europe & Central Asia",5.259534836,101.18562,0.993,1152455,4.993620157,101.42266,0.99483,1099530,4.933310032,101.42973,0.9956,1118742,5.040480137,102.98183,0.9982,975119,5.123250008,101.94232,0.99918,1104627,NA,101.22869,0.99924,999914,NA,101.17104,0.99936,991113,NA,100.47945,0.99651,1002206,NA,100.61621,0.99536,1076065,NA,100.58048,0.99613,1111526
"75","Europe & Central Asia (excluding high income)",NA,99.83124,0.99467,727673,4.046530008,100.41123,0.99641,707049,3.903880119,99.9329,0.99509,728938,NA,102.48982,0.99788,609032,NA,101.81838,0.99993,670300,NA,100.18046,0.99953,610786,NA,100.41262,0.99887,605438,NA,98.66758,0.99632,565627,NA,99.36015,0.99399,588631,NA,99.24105,0.99494,627142
"76","Europe & Central Asia (IDA & IBRD countries)",NA,99.37839,0.99405,868911,NA,99.99802,0.99589,845888,NA,99.84003,0.99526,853100,NA,101.91633,0.99762,740037,NA,101.20486,0.99944,816418,NA,99.66625,0.99924,766306,NA,99.75282,0.99878,777955,NA,98.16853,0.99639,754180,NA,98.5301,0.99347,777820,NA,98.44977,0.99427,814324
"77","European Union",5.402890205,102.25827,0.99162,419350,5.120269775,102.20126,0.99356,388999,4.946400166,102.5369,0.99576,392888,5.296815157,103.32105,0.99837,375755,5.268799782,101.99248,0.99859,448090,NA,101.89843,0.99903,409188,NA,101.59125,0.99978,414718,NA,101.65608,0.99662,470182,NA,101.37618,0.99632,527053,NA,101.42613,0.99696,523716
"78","Faroe Islands",NA,NA,NA,NA,NA,NA,NA,NA,NA,NA,NA,NA,NA,NA,NA,NA,NA,NA,NA,NA,NA,NA,NA,NA,NA,NA,NA,NA,NA,NA,NA,NA,NA,NA,NA,NA,NA,NA,NA,NA
"79","Fiji",NA,NA,NA,NA,4.17306,105.51958,0.99689,736,NA,106.70568,1.00161,892,3.88289,107.80529,0.99976,844,NA,NA,NA,NA,NA,105.49171,0.97788,900,NA,105.2167,0.97785,576,NA,NA,NA,NA,NA,NA,NA,NA,NA,114.20406,0.9628,NA
"80","Finland",6.50445,99.14784,0.99344,4931,6.44505,99.34832,0.99205,4015,7.14804,99.90839,0.9916,2196,7.12404,99.95288,0.9924,2407,7.10237,100.40415,0.9958,1356,7.03208,100.25984,0.99416,2192,6.85153,100.19064,0.99556,2612,6.37621,99.89141,0.99487,4187,NA,99.93277,0.9947,4885,NA,NA,NA,NA
"81","Fragile and conflict affected situations",NA,85.48874,0.87734,25776348,NA,88.33539,0.88759,24841483,NA,90.99813,0.90288,24664034,NA,91.32417,0.90763,25462855,NA,90.87056,0.91183,25734985,NA,89.54395,0.92033,26730009,NA,89.53639,0.91258,26922411,NA,89.63415,0.91037,27025311,NA,89.8083,0.90831,27622087,NA,89.73664,0.90928,27958326
"82","France",NA,102.12854,0.98803,51322,NA,102.45629,0.99554,9824,NA,102.49238,0.99941,14993,NA,102.13431,0.99729,23622,NA,101.0311,0.9952,56322,NA,101.66452,0.99378,21490,NA,101.97262,0.99451,7005,5.4516,102.10581,0.99407,2457,NA,102.58856,0.99458,1763,NA,NA,NA,NA
"83","French Polynesia",NA,NA,NA,NA,NA,NA,NA,NA,NA,NA,NA,NA,NA,NA,NA,NA,NA,NA,NA,NA,NA,NA,NA,NA,NA,NA,NA,NA,NA,NA,NA,NA,NA,NA,NA,NA,NA,NA,NA,NA
"84","Gabon",3.07809,NA,NA,NA,2.98746,137.68581,0.96861,NA,3.0134,NA,NA,NA,3.02971,NA,NA,NA,2.66667,NA,NA,NA,NA,NA,NA,NA,NA,NA,NA,NA,NA,NA,NA,NA,NA,NA,NA,NA,NA,NA,NA,NA
"85","Gambia, The",2.56322,80.83389,1.02645,92158,2.50117,79.40871,1.03847,95869,2.63757,83.00192,1.04501,89323,1.81839,84.78002,1.04389,92410,2.23094,89.10555,1.05557,95642,2.16003,93.01692,1.06765,78511,2.02443,95.40293,1.07557,74977,NA,99.07141,1.08312,68730,2.4203,102.46346,1.0942,65020,NA,106.93159,1.10831,54332
"86","Georgia",NA,104.11761,1.01421,NA,2.57614,104.86582,1.01078,6588,1.9061,105.814,0.99133,3297,NA,105.81874,0.98988,1192,NA,103.77055,0.99094,1872,NA,102.83486,1.0015,738,3.59387,100.51843,1.0033,5946,3.57443,100.92728,1.01081,2277,3.52106,99.22566,1.01153,2434,NA,99.69997,1.00773,1998
"87","Germany",4.94368,102.69517,0.99432,70080,4.82487,102.11483,0.99332,71525,4.95658,101.47709,0.99737,95234,4.96111,100.55736,0.99459,102890,4.93962,100.35925,0.99653,92141,4.83498,101.60096,0.99873,52589,4.84022,102.6915,1.00026,14502,4.90512,104.1598,1.00257,15035,NA,104.27981,1.00722,19808,NA,NA,NA,NA
"88","Ghana",5.5406,NA,NA,NA,8.14097,102.477,0.99065,298913,7.91914,106.58333,0.99808,334382,4.6071,106.06135,0.99927,NA,4.49182,104.55587,0.99941,NA,4.51089,108.31824,0.99964,NA,4.48683,107.39577,1.01234,NA,3.61798,106.05085,1.0101,90704,3.98944,104.20701,1.01216,153986,NA,105.57795,1.01386,35432
"89","Gibraltar",NA,NA,NA,NA,NA,NA,NA,NA,NA,NA,NA,NA,NA,NA,NA,NA,NA,NA,NA,NA,NA,NA,NA,NA,NA,100.80882,0.99394,8,NA,103.72301,1.0034,NA,NA,NA,NA,NA,NA,108.93812,1.02162,NA
"90","Global Partnership for Education",NA,94.15613,0.92953,44236571,NA,95.85022,0.9368,43347735,NA,97.22672,0.9474,43316649,NA,97.49419,0.94873,41781652,NA,97.68311,0.94943,41209715,NA,96.84179,0.95317,43417627,NA,97.40165,0.94968,42523863,NA,97.38231,0.94937,42804341,NA,97.90129,0.94606,42558019,NA,98.44518,0.94869,42470609
"91","Greece",NA,97.35484,0.97713,19065,NA,97.26552,0.97973,18008,NA,98.16421,0.98042,14567,NA,98.04188,0.98269,13271,NA,97.27929,0.98818,18984,NA,99.06667,0.99104,14097,NA,99.06119,0.99577,9878,NA,99.56859,1.00029,8147,NA,99.54217,1.00344,9246,NA,NA,NA,NA
"92","Greenland",NA,NA,NA,NA,NA,NA,NA,NA,NA,NA,NA,NA,NA,NA,NA,NA,NA,NA,NA,NA,NA,NA,NA,NA,NA,NA,NA,NA,NA,NA,NA,NA,NA,NA,NA,NA,NA,NA,NA,NA
"93","Grenada",NA,113.87876,0.95628,NA,NA,NA,NA,NA,NA,NA,NA,NA,NA,116.66667,0.95633,NA,NA,117.46416,0.98171,NA,NA,116.34981,0.96442,NA,NA,110.70803,0.96948,NA,3.1738,108.66678,0.95256,NA,NA,105.998,0.98459,94,NA,NA,NA,NA
"94","Guam",NA,NA,NA,NA,NA,NA,NA,NA,NA,NA,NA,NA,NA,NA,NA,NA,NA,NA,NA,NA,NA,NA,NA,NA,NA,NA,NA,NA,NA,NA,NA,NA,NA,NA,NA,NA,NA,NA,NA,NA
"95","Guatemala",2.80306,114.28121,0.97972,NA,2.92014,112.69492,0.984,104773,2.95786,107.65779,0.97829,176041,2.88809,104.50327,0.97242,231566,2.98562,101.01464,0.97053,276594,3.03033,99.8779,0.96894,282536,2.94474,99.12477,0.96774,296224,2.95182,99.61362,0.96986,271393,3.14093,100.54267,0.9742,246375,3.2122,100.72252,0.97812,248887
"96","Guinea",2.55119,76.02468,0.82328,505386,2.28742,80.25109,0.85185,445635,1.83371,81.51326,0.84215,463108,2.63421,83.32955,0.84297,439667,2.42281,84.98477,0.84614,381963,2.51714,NA,NA,NA,2.54456,82.36128,0.81931,425413,2.31765,NA,NA,NA,2.31594,NA,NA,NA,NA,NA,NA,NA
"97","Guinea-Bissau",1.86082,114.46146,0.93111,64225,1.85786,NA,NA,NA,2.00106,NA,NA,NA,2.13249,NA,NA,NA,NA,NA,NA,NA,NA,NA,NA,NA,NA,NA,NA,NA,NA,NA,NA,NA,NA,NA,NA,NA,NA,NA,NA,NA
"98","Guyana",3.63855,95.02513,0.97027,3765,3.59204,97.08761,0.96229,1800,3.18242,96.01876,0.96393,1732,NA,NA,NA,NA,5.84796,NA,NA,NA,5.21483,NA,NA,NA,6.061,NA,NA,NA,6.23007,NA,NA,NA,5.49358,NA,NA,NA,NA,NA,NA,NA
"99","Haiti",NA,NA,NA,NA,NA,NA,NA,NA,NA,NA,NA,NA,NA,NA,NA,NA,3.02452,NA,NA,NA,3.15723,NA,NA,NA,2.44959,NA,NA,NA,2.68945,NA,NA,NA,2.78047,NA,NA,NA,NA,NA,NA,NA
"100","Heavily indebted poor countries (HIPC)",3.938960075,95.03879,0.91722,23356264,3.925139904,95.37742,0.92284,22615533,4.077355146,96.83837,0.92752,22141144,4.523084879,97.31629,0.93207,21408173,NA,98.09436,0.93375,21237042,NA,97.82667,0.94174,21988967,NA,98.31638,0.94361,21659114,NA,98.55029,0.94292,21543236,NA,98.94514,0.94062,21743595,NA,99.56371,0.94317,21554618
"101","High income",5.411450148,101.5363,0.99316,1606175,5.120269775,101.4592,0.99853,1902486,4.946400166,101.33679,0.99389,1615768,5.040480137,101.86107,0.99591,1627495,5.123250008,101.61224,0.99732,1560194,NA,101.53864,1.00107,1293940,NA,101.21674,0.99882,1033621,NA,101.06247,0.99668,1171855,NA,100.95433,0.99879,1260048,NA,101.59504,1.00011,1295773
"102","Honduras",NA,100.68449,1.0005,158684,NA,99.54605,0.99804,155569,NA,96.34248,0.99627,196726,5.87493,93.43671,0.99137,233345,7.09012,91.24583,0.98524,241802,6.41297,92.51112,0.99439,249992,NA,92.37048,0.99548,232938,NA,91.50589,0.99938,214406,6.06746,NA,NA,NA,NA,91.48806,1.00072,151457
"103","Hong Kong SAR, China",3.51003,NA,NA,NA,3.41822,NA,NA,NA,3.50961,104.04721,1.00234,1420,3.76032,106.634,1.00252,1462,3.57255,109.81981,1.00891,2109,3.26212,111.23752,1.01762,3277,3.29265,109.83429,1.03004,5643,3.3101,110.07818,1.04121,7432,3.32652,111.15675,1.04478,8187,3.81058,112.12076,1.04911,NA
"104","Hungary",4.76121,100.51965,0.99353,6536,4.59011,99.77336,0.99531,9545,4.16386,99.4178,0.99455,11670,4.19773,99.58442,0.99224,12385,4.61743,101.49247,0.99306,11716,4.51866,102.15653,0.9968,11069,4.65539,101.75031,0.99754,8646,4.6671,100.50428,0.99419,9986,NA,96.40999,0.99296,17172,NA,NA,NA,NA
"105","IBRD only",NA,105.80953,0.99445,14667526,NA,105.80987,0.99451,15482392,NA,106.68673,0.99725,13824052,NA,108.01081,1.0251,13279190,NA,105.93991,1.02538,13526335,NA,106.03922,1.02592,12922665,NA,109.19618,1.04312,13248781,NA,108.53566,1.0383,12950789,NA,101.66972,0.99951,13788259,NA,102.09774,0.99848,14149037
"106","Iceland",6.97848,99.63761,1.00654,207,6.81823,98.98411,1.00345,358,7.59636,98.41895,1.00409,524,7.49122,97.78287,0.99334,564,7.68858,97.70069,0.99037,537,7.51291,98.57701,0.99904,408,7.49521,99.48309,0.999,143,7.65822,100.34877,0.99995,15,NA,100.31304,0.99755,19,NA,NA,NA,NA
"107","IDA & IBRD total",NA,101.82186,0.97232,58882084,NA,102.3561,0.97444,58810953,NA,103.35374,0.97908,57135388,NA,104.14979,0.99798,55557840,NA,102.78987,0.99785,55393750,NA,102.52309,0.9993,56982260,NA,104.69312,1.00871,56345504,NA,104.25189,1.00517,56288664,NA,100.06301,0.97893,56853451,NA,100.47767,0.97914,57110201
"108","IDA blend",NA,85.31472,0.90506,18067459,NA,87.35081,0.91996,18316536,NA,89.63985,0.94386,18703195,NA,90.12123,0.94468,18035784,NA,89.81504,0.9417,17538141,NA,87.86445,0.9374,18947587,NA,88.97309,0.92309,18295119,NA,88.67846,0.92673,18660085,NA,89.0916,0.91948,18591066,NA,89.72709,0.92446,18567758
"109","IDA only",NA,98.12622,0.93818,26147099,NA,99.70683,0.94221,25012025,NA,100.64159,0.9452,24608140,NA,100.26488,0.94817,24242866,NA,100.49779,0.94991,24329274,NA,100.19816,0.95688,25112009,NA,100.46675,0.95783,24801604,NA,100.69142,0.95552,24677790,NA,101.23321,0.95372,24474126,NA,101.59071,0.95556,24393406
"110","IDA total",NA,94.08831,0.92904,44228569,NA,95.8083,0.93632,43341837,NA,97.15948,0.94549,43325304,NA,97.04028,0.94775,42299189,NA,97.09625,0.94807,41888508,NA,96.25733,0.95172,44078608,NA,96.78537,0.94779,43111192,NA,96.83146,0.94738,43353515,NA,97.32112,0.94385,43081297,NA,97.74542,0.94657,42979483
"111","India",3.37769,110.69512,1.02797,4922041,3.79618,110.31036,1.03525,5445603,3.8675,111.97443,1.03883,3838679,3.84467,117.12038,1.11811,2887748,NA,114.01876,1.11393,NA,NA,114.78057,1.11618,NA,NA,123.55514,1.16104,NA,NA,121.12737,1.14725,NA,NA,NA,NA,NA,NA,97.81434,1.01958,NA
"112","Indonesia",2.81228,110.95218,1.03271,763385,3.18944,111.18228,1.03633,890102,3.40748,109.11019,0.9971,1141798,3.35904,106.65439,0.9966,1767974,3.28801,104.71402,0.9754,1919777,3.5836,104.40838,0.97193,NA,NA,103.90809,0.96915,1778716,NA,104.17947,0.96869,1402639,NA,104.58971,0.96723,1555014,NA,NA,NA,NA
"113","Iran, Islamic Rep.",3.70918,99.56544,0.97901,187633,3.48497,99.64402,0.97903,180715,3.16859,100.40758,0.97984,111986,3.06795,115.9077,1.01442,81693,2.80135,110.25691,1.05038,25748,2.79739,112.2737,1.06232,16263,3.36576,115.06075,1.06938,15497,3.7904,113.88066,1.05748,16911,3.95536,NA,NA,NA,NA,NA,NA,NA
"114","Iraq",NA,NA,NA,NA,NA,NA,NA,NA,NA,NA,NA,NA,NA,NA,NA,NA,NA,NA,NA,NA,NA,NA,NA,NA,NA,NA,NA,NA,NA,NA,NA,NA,NA,NA,NA,NA,NA,NA,NA,NA
"115","Ireland",6.03804,103.27957,1.00083,981,5.85826,103.31994,0.99889,621,5.76573,102.12337,1.0001,294,5.33461,101.76779,0.99635,376,4.88139,101.32018,0.99573,197,3.75829,100.97736,0.996,263,3.71973,101.04296,0.99426,64,3.50686,100.69429,0.99693,159,NA,100.77047,0.99493,10,NA,NA,NA,NA
"116","Isle of Man",NA,NA,NA,NA,NA,NA,NA,NA,NA,NA,NA,NA,NA,NA,NA,NA,NA,NA,NA,NA,NA,NA,NA,NA,NA,NA,NA,NA,NA,NA,NA,NA,NA,NA,NA,NA,NA,NA,NA,NA
"117","Israel",5.53535,105.68418,1.0044,587,5.56688,106.46483,1.00479,570,5.69981,107.07423,1.00476,360,5.88489,105.79141,1.00287,123,5.79265,105.38904,1.00386,798,5.8673,105.98401,1.00666,828,5.85713,105.23885,1.00916,2754,6.09262,105.38438,1.00901,2210,NA,105.15828,1.00878,2791,NA,NA,NA,NA
"118","Italy",4.33412,102.48697,0.99047,11182,4.11568,101.89836,0.98856,13259,4.05602,100.88141,0.99215,7300,4.14367,101.64369,0.99517,3241,4.06128,100.89376,0.99506,23760,4.07363,100.16474,0.99571,42103,3.81579,99.42758,1.00004,58288,4.04494,100.28256,0.96999,71841,NA,99.52189,0.96739,89218,NA,NA,NA,NA
"119","Jamaica",6.3706,NA,NA,NA,6.26664,NA,NA,NA,6.11246,NA,NA,NA,6.25108,NA,NA,NA,6.01654,NA,NA,NA,5.45577,94.52316,1.05793,33441,5.31508,90.19674,0.9853,37054,5.26062,89.03344,0.98402,38036,5.41478,88.88196,0.95526,42794,5.16919,84.12385,0.97849,46930
"120","Japan",3.6395,NA,NA,NA,3.64258,NA,NA,NA,3.69226,NA,NA,NA,3.66538,NA,NA,NA,3.59059,NA,NA,NA,NA,NA,NA,NA,3.18618,NA,NA,NA,3.18218,NA,NA,NA,NA,NA,NA,NA,NA,NA,NA,NA
"121","Jordan",NA,81.1095,0.98085,192312,NA,78.41475,0.97741,227861,NA,75.29848,0.96983,272581,NA,74.58635,0.97897,293678,NA,79.06508,0.98928,NA,NA,NA,NA,NA,3.51412,77.92795,0.98421,309021,3.28405,80.01557,0.98168,271105,3.03435,80.70693,0.98193,264821,3.07253,81.10333,0.98335,261790
"122","Kazakhstan",NA,109.05179,1.00522,3203,NA,110.0797,1.00549,3727,NA,110.66587,1.00473,2357,NA,112.05372,1.0028,2428,NA,112.57945,1.00078,1070,2.78858,111.74184,1.00178,298,2.9781,110.0342,1.00264,2263,2.75082,109.66912,1.0166,10277,2.61595,106.76576,1.0172,13169,NA,105.33019,1.01801,12924
"123","Kenya",5.50822,NA,NA,NA,5.33529,NA,NA,NA,5.50904,109.87064,1.00825,1381464,5.41138,NA,NA,NA,5.28021,106.14536,1.00738,NA,5.27134,103.63396,0.99947,NA,5.36267,103.39774,1.0037,NA,5.36668,NA,NA,NA,5.30625,NA,NA,NA,NA,NA,NA,NA
"124","Kiribati",NA,NA,NA,NA,NA,NA,NA,NA,NA,NA,NA,NA,NA,NA,NA,NA,NA,114.81853,1.01567,192,NA,106.6352,1.02041,385,NA,107.52303,1.02322,280,NA,104.85785,1.07131,645,NA,NA,NA,NA,NA,NA,NA,NA
"125","Korea, Dem. Peopleâ€™s Rep.",NA,NA,NA,NA,NA,NA,NA,NA,NA,NA,NA,NA,NA,NA,NA,NA,NA,NA,NA,NA,NA,NA,NA,NA,NA,NA,NA,NA,NA,NA,NA,NA,NA,89.28146,0.99923,NA,NA,NA,NA,NA
"126","Korea, Rep.",NA,101.76901,1.00092,6960,NA,101.83958,1.0024,9806,NA,100.42587,1.00183,59852,NA,98.10834,1.00088,128360,NA,98.25035,0.99891,113250,NA,98.70651,0.99847,39617,4.3331,97.64139,0.99847,74350,NA,97.96419,0.99754,66235,NA,99.51877,0.99823,25225,NA,NA,NA,NA
"127","Kosovo",NA,NA,NA,NA,NA,NA,NA,NA,NA,NA,NA,NA,NA,NA,NA,NA,NA,NA,NA,NA,NA,NA,NA,NA,NA,NA,NA,NA,NA,NA,NA,NA,NA,NA,NA,NA,NA,NA,NA,NA
"128","Kuwait",NA,101.207,0.98026,2073,NA,105.49606,0.99762,1139,NA,105.58962,1.01135,1323,NA,105.14894,1.02245,2658,NA,104.91717,1.02143,3108,NA,104.27501,1.03221,4311,NA,102.57234,1.03976,7290,NA,97.34084,1.03327,NA,NA,97.21543,1.10302,NA,NA,94.78166,1.15235,NA
"129","Kyrgyz Republic",5.81883,99.06208,0.99217,15815,6.79062,99.22913,0.99109,16572,7.38423,102.4368,0.98744,6257,6.7802,104.40749,0.9886,1763,5.5316,105.30471,0.99054,1458,5.98551,105.01668,0.99271,1668,6.58615,104.05828,0.98987,1675,6.02619,106.60869,0.99209,1363,NA,107.20635,0.99348,1414,NA,105.38141,0.98777,2574
"130","Lao PDR",1.70979,117.85283,0.91442,40049,1.70802,117.41207,0.92704,41583,1.82147,116.57932,0.93407,41419,3.23381,116.19968,0.94036,27479,2.93781,114.78308,0.94655,25400,NA,111.25946,0.95433,38109,NA,107.08054,0.9549,45232,NA,103.94472,0.9623,57256,NA,100.35734,0.96227,65377,NA,98.25884,0.96552,64860
"131","Late-demographic dividend",NA,101.37892,0.97903,5063460,NA,101.94681,0.98056,4941054,NA,102.93952,0.98779,4588648,NA,101.68054,0.99214,4512045,NA,99.64862,0.99624,4542767,NA,99.72987,0.9954,4445790,NA,101.18965,1.0009,4446324,NA,102.25446,1.00255,4343513,NA,102.88667,1.00445,4002320,NA,104.22774,1.00405,4329887
"132","Latin America & Caribbean",4.826159954,113.08113,0.96921,1597979,4.726890087,113.93252,0.96966,1637339,5.064234972,113.94879,0.97576,1685080,5.220625162,109.52477,0.97857,1799292,5.325860023,108.68896,0.97805,1990022,NA,107.84952,0.97973,1944940,NA,107.94318,0.9841,1926141,NA,107.93811,0.9823,1825914,NA,107.87724,0.98479,1714939,NA,108.3746,0.98331,1666889
"133","Latin America & Caribbean (excluding high income)",4.922935009,113.56834,0.96886,1499931,4.966430187,114.51714,0.96933,1520884,5.064234972,114.55165,0.97569,1564670,5.220625162,109.95248,0.97872,1662172,5.325860023,109.11777,0.97817,1832721,NA,108.27751,0.97995,1789478,NA,108.42961,0.98445,1751201,NA,108.41224,0.9826,1663424,NA,108.34065,0.98519,1568662,NA,108.85363,0.98366,1523015
"134","Latin America & the Caribbean (IDA & IBRD countries)",NA,113.35571,0.96874,1551161,NA,114.26048,0.96916,1579588,NA,114.27504,0.97532,1622632,NA,109.77507,0.9783,1733348,NA,108.93548,0.97823,1899949,NA,108.09429,0.98006,1845676,NA,108.2117,0.98442,1818058,NA,108.19426,0.98264,1727258,NA,108.10686,0.98511,1633746,NA,108.58692,0.9835,1598771
"135","Latvia",5.07271,101.9425,0.98085,958,4.93298,101.51373,0.98533,852,6.5825,100.53698,0.99016,1639,6.9804,100.05775,0.99363,2115,5.2749,99.77659,0.99851,2262,5.31413,99.43079,1.00073,2406,4.71299,99.23827,1.00078,2107,4.39712,99.46599,1.00193,1854,NA,99.86065,1.00484,1382,NA,NA,NA,NA
"136","Least developed countries: UN classification",3.572039962,98.31053,0.93288,24845175,3.245000005,99.73726,0.9283,24003497,3.479490042,100.57564,0.93376,23701379,3.282799959,100.93,0.93923,23081640,NA,101.37914,0.94361,23166881,NA,100.92204,0.95338,24285706,NA,101.06113,0.9537,24316204,NA,101.22049,0.951,24472009,NA,101.77165,0.94882,24488861,NA,102.0745,0.95047,24658428
"137","Lebanon",1.61331,NA,NA,NA,1.65252,NA,NA,NA,2.14809,NA,NA,NA,2.43245,NA,NA,NA,NA,NA,NA,NA,NA,NA,NA,NA,NA,NA,NA,NA,NA,NA,NA,NA,NA,NA,NA,NA,NA,NA,NA,NA
"138","Lending category not classified",NA,NA,NA,NA,NA,NA,NA,NA,NA,NA,NA,NA,NA,NA,NA,NA,NA,NA,NA,NA,NA,NA,NA,NA,NA,NA,NA,NA,NA,NA,NA,NA,NA,NA,NA,NA,NA,NA,NA,NA
"139","Lesotho",NA,122.06482,0.95778,33563,NA,119.98828,0.95065,33121,NA,118.52536,0.95536,32551,NA,114.90215,0.96141,29491,NA,114.03786,0.95713,28626,NA,113.66294,0.95012,23616,NA,114.69739,0.95015,16355,7.96332,117.76331,0.94929,7408,6.98519,NA,NA,NA,NA,NA,NA,NA
"140","Liberia",NA,NA,NA,NA,NA,100.21535,0.91209,NA,1.77712,NA,NA,NA,1.73466,NA,NA,NA,2.2791,93.06524,0.91573,47513,NA,90.20212,0.89947,NA,NA,89.15522,0.99311,NA,2.76128,84.7126,0.99089,159479,2.58412,NA,NA,NA,NA,NA,NA,NA
"141","Libya",NA,NA,NA,NA,NA,NA,NA,NA,NA,NA,NA,NA,NA,NA,NA,NA,NA,NA,NA,NA,NA,NA,NA,NA,NA,NA,NA,NA,NA,NA,NA,NA,NA,NA,NA,NA,NA,NA,NA,NA
"142","Liechtenstein",NA,102.3374,0.94228,15,2.55604,105.40827,1.00861,24,NA,105.11425,1.02419,29,NA,NA,NA,NA,NA,102.25564,0.9922,44,NA,104.80349,0.98414,1,NA,103.37691,0.96183,6,NA,102.86659,0.96725,NA,NA,106.80272,1.00841,3,NA,NA,NA,NA
"143","Lithuania",5.31274,99.82954,0.9886,48,5.12709,100.63497,0.98822,99,4.76923,101.57142,0.9946,136,4.6095,101.66433,0.99827,148,4.49106,101.43568,0.99731,72,4.22989,101.94596,0.99725,87,4.00394,102.75126,0.99733,108,3.81283,103.86016,0.99973,247,NA,104.2822,1.00032,201,NA,NA,NA,NA
"144","Low & middle income",4.006750107,101.82286,0.9723,58783081,3.930124998,102.35443,0.97442,58718272,4.101180077,103.34685,0.97907,57056529,4.364099979,104.15358,0.99807,55475156,NA,102.78715,0.99788,55340496,NA,102.52431,0.99933,56949509,NA,104.70995,1.00879,56298921,NA,104.27007,1.00523,56237419,NA,100.06967,0.97892,56815805,NA,100.4877,0.97914,57065870
"145","Low income",3.585759997,93.32413,0.89527,20647042,3.798424959,94.11858,0.89965,19816574,4.053530216,95.78914,0.90527,19496996,3.474649906,95.97465,0.90951,19086069,3.993020058,96.83209,0.9123,19212785,NA,96.21403,0.92146,20068511,NA,96.737,0.92283,19976020,NA,96.93498,0.92172,19973445,NA,97.2768,0.91834,19840409,NA,97.53248,0.92101,20272428
"146","Lower middle income",4.484230042,103.01621,0.98627,31025314,3.839720011,103.73284,0.98857,31533803,3.942765117,105.30305,0.99849,29942203,3.844670057,107.37048,1.03281,28212820,NA,105.87094,1.0316,27883827,NA,105.6129,1.033,28963777,NA,109.35618,1.04839,28290191,NA,108.04716,1.04197,28541791,NA,98.99627,0.98912,29118189,NA,99.11898,0.98933,28617200
"147","Luxembourg",NA,98.08506,1.01039,1547,NA,97.56597,1.02052,1713,4.09041,97.31509,1.00279,1271,NA,97.11206,1.00555,1313,4.00789,97.6524,1.00258,1019,3.9182,98.91907,0.99895,384,NA,100.63095,0.99692,87,3.56959,101.99621,0.99446,208,NA,101.98533,0.97575,369,NA,NA,NA,NA
"148","Macao SAR, China",2.6295,93.99891,0.98137,4018,2.68519,94.00232,0.98687,3604,3.33736,93.66979,0.98233,3193,2.04986,94.50169,0.98651,2787,2.03206,96.95364,0.99173,1890,2.9817,98.52305,0.98414,1144,3.07791,100.7958,0.98614,577,2.68989,100.8049,0.98814,655,2.7387,100.06885,0.99346,902,NA,100.28329,0.97994,373
"149","Madagascar",NA,142.40313,0.98191,NA,2.38168,142.05238,0.98127,NA,2.34067,143.04652,0.98719,NA,1.77694,143.35275,0.99253,NA,2.38123,145.04742,0.99726,NA,2.21012,147.29429,0.99973,NA,2.68719,143.95325,1.00178,NA,NA,NA,NA,NA,2.82549,143.05715,1.00731,66840,NA,135.21683,1.01724,80511
"150","Malawi",3.5398,140.18798,1.02089,NA,4.15262,142.29723,1.0241,NA,NA,142.95457,1.02167,NA,5.41617,148.24542,1.01823,NA,4.83984,148.77148,1.01878,NA,5.60866,147.88121,1.02041,NA,4.74857,146.44204,1.02666,NA,4.03133,147.76205,1.03159,NA,4.71484,143.09862,1.00899,NA,NA,146.95777,1.0299,NA
"151","Malaysia",4.96645,100.20986,1.00883,122105,5.76294,101.63896,1.01077,94129,5.73903,103.27992,1.01021,45955,5.4812,105.15309,1.00918,10412,5.21264,104.76151,1.00747,3277,4.89487,104.12703,1.00579,14470,4.75191,105.67065,1.01251,5297,4.67757,106.00638,1.01329,10381,4.48126,NA,NA,NA,4.16319,NA,NA,NA
"152","Maldives",4.11747,NA,NA,NA,3.5066,NA,NA,NA,3.76038,NA,NA,NA,3.80012,NA,NA,NA,3.47046,NA,NA,NA,4.36655,100.02451,0.97116,195,4.09971,99.63287,1.00404,1192,NA,98.07931,1.01949,1927,NA,98.39517,1.03627,1671,NA,99.34156,1.02571,1009
"153","Mali",3.34389,76.95044,0.85758,766727,3.75423,78.27162,0.87009,771049,3.47949,75.42195,0.87455,860817,3.28465,NA,NA,1016025,3.64807,72.40482,0.8872,1032866,3.8015,71.5374,0.89754,1156190,3.09609,72.29217,0.88272,1156107,3.78731,75.63831,0.89448,1032074,NA,71.60267,0.901,1343000,NA,NA,NA,NA
"154","Malta",6.45489,101.88239,1.00293,NA,7.79612,101.81991,1.01173,168,6.52243,100.83458,1.00101,25,7.87614,101.9724,1.00509,77,7.20495,103.56389,1.01409,175,5.21635,104.3316,1.01476,166,5.20754,105.09619,1.02111,295,4.82438,105.10351,1.00193,57,NA,107.04791,1.00677,NA,NA,NA,NA,NA
"155","Marshall Islands",NA,NA,NA,NA,NA,93.22419,0.96936,531,NA,NA,NA,NA,NA,NA,NA,NA,NA,NA,NA,NA,NA,86.46421,0.97674,2378,NA,84.56508,0.99596,2251,NA,NA,NA,NA,NA,NA,NA,NA,NA,78.08496,0.96443,2351
"156","Mauritania",NA,101.96191,1.04618,145484,2.33102,100.87,1.05479,145950,2.15821,101.42742,1.05178,156482,2.29354,101.3972,1.04841,144732,NA,103.14436,1.05532,135997,NA,107.0447,1.04896,NA,1.94406,99.7792,1.06181,164677,NA,99.80764,1.06635,138310,NA,102.75245,1.05809,129168,1.89546,103.54707,1.06356,156142
"157","Mauritius",3.55147,103.05452,1.00514,1209,3.33207,103.41563,1.00815,1338,3.4182,103.38538,1.00739,4732,3.61579,102.83093,1.01698,2305,4.91695,103.50933,1.02053,1229,4.88667,103.83742,1.01763,1063,5.0136,103.37964,1.0179,1426,5.02313,102.43522,1.01774,1008,4.83459,102.48569,1.02711,1156,4.71935,100.81176,1.02579,1209
"158","Mayotte",NA,NA,NA,NA,NA,NA,NA,NA,NA,NA,NA,NA,NA,NA,NA,NA,NA,NA,NA,NA,NA,NA,NA,NA,NA,NA,NA,NA,NA,NA,NA,NA,NA,NA,NA,NA,NA,NA,NA,NA
"159","Mexico",5.15922,109.83842,0.98594,18757,5.10565,109.8901,0.98848,35529,5.1031,109.9153,0.99117,44730,4.69605,109.00775,0.99224,54731,5.26062,107.7004,0.99447,67610,5.23524,106.47186,0.99753,77591,4.90949,106.33317,1.00102,88053,4.52282,106.03469,1.00491,97717,NA,105.36071,1.00622,93645,NA,NA,NA,NA
"160","Micronesia, Fed. Sts.",NA,NA,NA,NA,NA,NA,NA,NA,NA,NA,NA,NA,NA,NA,NA,NA,NA,99.85442,0.97012,1308,12.40792,95.96471,0.97595,2059,NA,95.06951,0.96101,1440,NA,NA,NA,NA,NA,NA,NA,NA,NA,94.73008,0.95877,1474
"161","Middle East & North Africa",NA,100.48727,0.94015,2322527,NA,100.2792,0.93661,2344683,NA,102.85304,0.94738,1986473,NA,104.01301,0.95524,2397917,NA,102.7119,0.96247,2627967,NA,102.68907,0.96964,2600672,NA,102.60748,0.96954,2659470,NA,102.50825,0.96999,2618011,NA,102.69207,0.97164,2576943,NA,102.87284,0.97417,2652317
"162","Middle East & North Africa (excluding high income)",NA,99.88808,0.93251,2196952,NA,99.60973,0.9284,2220835,NA,102.13681,0.93942,1948241,NA,103.08663,0.95022,2288624,NA,101.42142,0.95872,2522554,NA,101.72405,0.96236,2565459,NA,102.29747,0.96604,2582241,NA,102.55796,0.96481,2466535,NA,102.77238,0.9663,2388924,NA,102.9039,0.96845,2416132
"163","Middle East & North Africa (IDA & IBRD countries)",NA,100.00431,0.93202,2153920,NA,99.69511,0.92777,2182853,NA,102.22396,0.93897,1924617,NA,103.16147,0.94967,2266630,NA,101.46744,0.95836,2505086,NA,101.77228,0.96197,2545967,NA,102.35196,0.96567,2563543,NA,102.60088,0.96447,2454341,NA,102.81863,0.96592,2375910,NA,102.9635,0.96814,2398573
"164","Middle income",4.507430077,103.27202,0.98541,38136039,4.147749901,103.79482,0.98748,38901697,4.402155161,104.69801,0.99227,37559533,4.475830078,105.63658,1.01422,36389087,NA,103.89962,1.01412,36127711,NA,103.72075,1.01421,36880999,NA,106.2442,1.02541,36322901,NA,105.70129,1.02165,36263974,NA,100.62225,0.99104,36975396,NA,101.07977,0.9909,36793442
"165","Moldova",7.5923,93.34633,0.99596,12754,7.13638,93.20763,0.99183,11940,6.98339,93.68471,0.99766,11918,NA,93.80131,1.00068,11690,6.26602,92.85932,0.99573,11577,NA,91.93163,0.98993,12615,5.60845,91.38623,0.99225,12708,5.61844,91.09093,0.99662,13968,5.43973,90.64651,1.00059,13954,NA,88.30905,0.97405,16045
"166","Monaco",1.31735,NA,NA,NA,1.58989,NA,NA,NA,1.78004,NA,NA,NA,1.3344,NA,NA,NA,1.02195,NA,NA,NA,NA,NA,NA,NA,1.37093,NA,NA,NA,1.45793,NA,NA,NA,NA,NA,NA,NA,NA,NA,NA,NA
"167","Mongolia",4.6451,124.29348,0.97733,1257,4.60903,120.59356,0.97605,1335,5.19521,115.11403,0.97193,2050,4.94077,107.12828,0.97192,8849,4.71485,100.30138,0.98002,9516,4.17699,99.43936,0.98197,6397,5.18061,101.78244,0.97744,1761,4.08859,101.75977,0.97768,1672,NA,102.78962,0.9765,2151,NA,NA,NA,NA
"168","Montenegro",NA,110.6316,1.00342,NA,NA,99.49042,1.02309,589,NA,98.70393,1.02725,1027,NA,NA,NA,NA,NA,NA,NA,NA,NA,95.52709,1.00248,1680,NA,95.22948,0.98589,2140,NA,98.11672,1.00007,1097,NA,97.59094,0.95492,784,NA,100.64203,1.00016,2
"169","Morocco",NA,106.2751,0.94072,242333,NA,107.73722,0.94839,205179,NA,108.00683,0.95333,228065,NA,107.75871,0.95593,178992,NA,107.42676,0.95608,203684,NA,106.64472,0.95002,NA,NA,107.7307,0.95404,162240,NA,109.77992,0.95557,89998,NA,111.51325,0.96039,7804,NA,112.72941,0.96605,16064
"170","Mozambique",NA,105.94416,0.88897,470189,NA,102.27972,0.89559,597664,5.67216,101.2251,0.89886,604749,6.11533,102.38554,0.90323,561413,NA,102.50189,0.90938,534910,NA,103.42977,0.90852,461026,5.86504,104.13635,0.92023,513572,5.50556,103.6262,0.92523,576566,5.49985,108.41345,0.92827,353839,NA,112.37461,0.93353,143339
"171","Myanmar",NA,97.61988,0.99007,574334,0.78744,NA,NA,NA,NA,NA,NA,NA,NA,NA,NA,NA,NA,100.34391,0.97137,196697,NA,NA,NA,NA,NA,107.15093,0.96849,NA,2.08768,109.1187,0.94646,112231,1.92289,109.73606,0.9555,91889,1.93208,NA,NA,NA
"172","Namibia",8.34961,112.93271,0.96132,24953,NA,NA,NA,NA,NA,116.38416,0.95869,12748,NA,118.4302,0.95736,4095,NA,NA,NA,NA,NA,NA,NA,NA,NA,NA,NA,NA,NA,121.83875,0.96295,5446,NA,122.13574,0.96652,5999,NA,NA,NA,NA
"173","Nauru",NA,NA,NA,NA,NA,NA,NA,NA,NA,102.76923,1.06163,234,NA,NA,NA,NA,NA,111.5899,0.92025,31,NA,NA,NA,NA,NA,123.17416,0.94994,40,NA,NA,NA,NA,NA,NA,NA,NA,NA,120.97625,0.98817,NA
"174","Nepal",3.63172,149.94553,1.07617,NA,3.84262,156.02757,1.08158,22049,3.76117,154.64813,1.08791,2895,3.47465,151.26811,1.08203,NA,3.99302,148.4647,1.07381,30866,3.70359,148.56431,1.06181,49866,4.44099,148.17456,1.05182,49332,5.51837,145.2117,1.01812,101223,5.10207,NA,NA,NA,NA,143.45337,1.01866,103384
"175","Netherlands",5.48909,108.08452,0.99656,NA,5.46304,107.45444,0.99924,NA,5.41022,105.82025,0.99982,NA,5.52656,NA,NA,NA,5.4589,NA,NA,NA,5.34816,102.67552,0.99958,NA,5.4796,103.29039,1.00007,NA,5.1751,104.22212,0.99986,11016,NA,105.16962,0.99905,4252,NA,NA,NA,NA
"176","Netherlands Antilles",NA,NA,NA,NA,NA,NA,NA,NA,NA,NA,NA,NA,NA,NA,NA,NA,NA,NA,NA,NA,NA,NA,NA,NA,NA,NA,NA,NA,NA,NA,NA,NA,NA,NA,NA,NA,NA,NA,NA,NA
"177","New Caledonia",NA,NA,NA,NA,NA,NA,NA,NA,NA,NA,NA,NA,NA,NA,NA,NA,NA,NA,NA,NA,NA,NA,NA,NA,NA,NA,NA,NA,NA,NA,NA,NA,NA,NA,NA,NA,NA,NA,NA,NA
"178","New Zealand",7.00129,101.277,1.00321,NA,6.93488,100.14609,1.00723,NA,7.15063,98.70183,1.00704,NA,6.69998,98.28005,1.00671,5665,6.34445,97.79055,1.00338,7232,6.33739,98.21236,1.00536,6658,6.43335,99.20377,1.00754,3655,6.28367,100.19743,1.00433,913,NA,101.38116,1.00597,1109,NA,NA,NA,NA
"179","Nicaragua",4.48422,120.12222,0.99166,28180,NA,NA,NA,NA,NA,NA,NA,NA,NA,NA,NA,NA,4.08328,NA,NA,NA,4.07843,NA,NA,NA,4.08115,NA,NA,NA,4.35768,NA,NA,NA,NA,NA,NA,NA,NA,NA,NA,NA
"180","Niger",2.74471,55.93311,0.80775,1234862,3.10248,59.80711,0.81929,1151997,3.20939,62.065,0.83299,1164170,3.71429,62.91551,0.83694,1227045,5.12745,63.75036,0.84765,1280821,4.49468,65.56293,0.84673,1280841,2.99045,67.52597,0.85317,1295483,2.58165,69.24308,0.86498,1241317,3.54721,NA,NA,NA,NA,62.00835,0.87731,1647273
"181","Nigeria",NA,80.96385,0.9085,8615770,NA,87.459,0.93277,NA,NA,90.86255,0.97416,NA,NA,92.89585,0.97484,NA,NA,89.42713,0.98539,NA,NA,NA,NA,NA,NA,82.17733,0.94271,NA,NA,NA,NA,NA,NA,NA,NA,NA,NA,NA,NA,NA
"182","North America",5.39496994,99.74273,0.99125,609421,5.249169827,99.50912,1.0043,930206,5.194859982,98.52548,0.9869,684758,4.943789959,99.18621,0.99331,624322,4.989480019,99.71953,0.9979,512449,NA,100.50462,1.00044,455638,NA,101.25864,0.99854,90004,NA,101.36971,0.9928,107601,NA,101.20316,0.99855,146692,NA,101.29742,1.00038,148991
"183","North Macedonia",NA,86.70916,0.98501,5079,NA,NA,NA,NA,NA,86.53288,0.98667,10394,NA,90.55997,0.99159,11377,NA,90.98673,0.99112,9919,NA,94.04874,1.00323,6141,NA,NA,NA,NA,NA,97.06326,0.99875,1062,NA,98.06731,0.99787,781,NA,NA,NA,NA
"184","Northern Mariana Islands",NA,NA,NA,NA,NA,NA,NA,NA,NA,NA,NA,NA,NA,NA,NA,NA,NA,NA,NA,NA,NA,NA,NA,NA,NA,NA,NA,NA,NA,NA,NA,NA,NA,NA,NA,NA,NA,NA,NA,NA
"185","Norway",6.74634,99.23571,1.00307,3419,6.45452,99.50677,1.00205,2067,7.3747,100.09844,1.00422,909,7.48535,100.17448,0.99904,198,7.69504,99.79021,0.99927,350,7.56933,99.76582,0.99728,576,8.03055,100.11042,0.99775,483,7.91198,100.21819,0.99918,177,NA,100.07715,0.99999,2,NA,NA,NA,NA
"186","OECD members",5.47350502,103.37183,0.99126,1744458,5.185050011,103.1486,0.99526,2133726,5.180145025,102.58596,0.99116,2107759,5.259789944,103.39746,0.99478,2064125,5.192669868,102.77903,0.9963,1905676,NA,102.54565,0.99758,1563200,NA,102.52775,0.99805,1287409,NA,102.00993,0.99553,1226113,NA,101.87429,0.99716,1243533,NA,102.37055,0.99807,1237817
"187","Oman",NA,NA,NA,NA,NA,103.22403,1.01287,3319,NA,104.96787,1.0067,1060,4.97011,112.31627,1.05943,761,NA,113.08977,1.06246,1663,NA,110.73065,1.04484,1634,NA,109.68471,1.02596,412,NA,108.85833,1.04674,4181,NA,108.57453,1.10067,8733,NA,107.69823,1.09267,7923
"188","Other small states",NA,107.3414,0.97094,477852,NA,107.09883,0.96876,454285,NA,107.04226,0.97402,452906,NA,106.65231,0.97706,460612,NA,106.7086,0.97801,460865,NA,106.96383,0.97958,450541,NA,106.92066,0.98084,451313,NA,107.07239,0.98132,438404,NA,107.2401,0.9845,442406,NA,107.65516,0.98781,438511
"189","Pacific island small states",NA,109.99995,0.98836,9403,NA,109.96423,0.98776,6990,NA,109.4832,0.98955,7404,NA,110.19107,0.99099,4975,NA,108.77228,0.98171,7105,NA,107.54872,0.98431,9591,NA,107.73662,0.98498,26284,NA,108.14086,0.98527,9502,NA,107.38384,0.98415,14417,NA,108.79452,0.98381,14886
"190","Pakistan",2.28687,77.63804,0.85318,NA,2.22175,74.51299,0.85951,8244086,2.13628,74.64866,0.87165,8409718,2.49344,73.89344,0.8697,7428900,2.46593,77.39932,0.8535,6581788,2.65002,78.25324,0.85593,NA,3.00292,83.88247,0.85398,6633175,2.89952,83.70682,0.86301,NA,NA,86.11134,0.84441,NA,NA,87.8961,0.85915,NA
"191","Palau",NA,NA,NA,NA,NA,NA,NA,NA,NA,NA,NA,NA,NA,107.01262,0.89958,47,NA,105.19663,0.8794,69,NA,NA,NA,NA,NA,NA,NA,NA,NA,NA,NA,NA,NA,NA,NA,NA,NA,NA,NA,NA
"192","Panama",NA,103.13647,0.9638,13564,3.15901,102.94459,0.97064,17234,NA,101.70995,0.97043,20155,NA,100.77707,0.97297,27291,NA,97.93256,0.97651,37370,NA,94.85858,0.97546,44375,NA,92.36523,0.98421,NA,NA,93.35471,0.97883,58658,NA,NA,NA,NA,NA,NA,NA,NA
"193","Papua New Guinea",NA,NA,NA,NA,NA,NA,NA,NA,NA,95.67696,0.88843,NA,NA,NA,NA,NA,NA,NA,NA,NA,NA,NA,NA,NA,NA,103.57302,0.91491,86115,1.96493,NA,NA,NA,1.93089,NA,NA,NA,NA,NA,NA,NA
"194","Paraguay",2.77294,100.92056,0.96763,81468,3.69728,99.92485,0.96984,82107,3.66754,103.01998,0.97494,86111,NA,NA,NA,NA,NA,NA,NA,NA,NA,NA,NA,NA,3.43834,NA,NA,NA,NA,NA,NA,NA,NA,NA,NA,NA,NA,NA,NA,NA
"195","Peru",2.8673,109.98755,1.0021,17475,2.6635,108.0154,1.00006,21164,2.92276,102.20373,0.99608,NA,3.29729,103.74306,1,NA,3.69599,101.249,1.0022,NA,3.96933,100.28327,1.00091,NA,3.81317,102.42321,0.98786,10993,3.93131,102.1457,0.97394,33838,3.72316,105.0764,0.96567,47585,3.84729,111.26073,0.96158,NA
"196","Philippines",NA,NA,NA,NA,NA,NA,NA,NA,NA,NA,NA,NA,NA,NA,NA,NA,NA,111.8504,0.97958,333178,NA,110.49716,0.97008,364140,NA,108.2587,0.96668,429607,NA,105.51518,0.96439,424228,NA,99.86927,0.96244,500780,NA,NA,NA,NA
"197","Poland",5.06843,96.12236,0.99182,111911,4.82012,97.28442,0.99607,109509,4.81181,100.06803,1.00168,89161,4.94011,100.42822,1.00182,75799,4.90918,100.2535,1.00219,77551,4.81226,NA,NA,NA,4.63922,NA,NA,NA,4.55957,100.04543,1.00058,59793,NA,96.3152,0.98859,50722,NA,NA,NA,NA
"198","Portugal",5.41249,109.85528,0.97009,142,5.12333,109.11768,0.97127,1192,4.94941,107.98629,0.97134,907,5.27097,107.51308,0.96485,525,5.124,105.74948,0.95834,3051,4.88554,104.87311,0.96252,7802,NA,103.80414,0.96486,11170,5.01561,104.35608,0.96684,3662,NA,105.39792,0.97412,2425,NA,NA,NA,NA
"199","Post-demographic dividend",NA,101.33871,0.99373,1396264,NA,101.27241,0.9998,1643573,NA,100.84204,0.99371,1448868,NA,101.29434,0.99742,1378191,NA,100.90424,0.99895,1339893,NA,100.71072,1.00009,1152127,NA,100.98296,0.99979,809134,NA,100.80997,0.99611,886616,NA,100.75139,0.9986,952510,NA,101.48645,0.99956,935420
"200","Pre-demographic dividend",NA,91.84449,0.90092,30202980,NA,93.07634,0.90194,29964512,NA,94.96256,0.91681,30312609,NA,95.58936,0.92497,31169077,NA,95.37186,0.93207,31432933,NA,93.77751,0.94111,32712819,NA,93.83856,0.93694,32646116,NA,94.13993,0.9366,32994618,NA,94.59803,0.93484,33530858,NA,95.11123,0.93725,33409962
"201","Puerto Rico",NA,99.27354,1.03733,30673,NA,91.60209,1.04091,40004,NA,93.28788,1.0471,36367,6.48108,91.61575,1.01589,38182,6.07266,90.64602,1.00411,40680,NA,89.07858,1.00037,45370,NA,82.83672,0.99534,57625,NA,NA,NA,NA,NA,81.7647,0.98945,55942,NA,NA,NA,NA
"202","Qatar",4.53966,104.35936,1.03404,1789,4.01224,104.34577,1.00761,581,3.50744,103.23748,1.03772,2076,4.07384,99.93149,1.04647,6669,3.60535,100.28776,1.02446,6996,NA,103.01785,1.00843,4352,NA,102.70193,0.99371,3584,2.86383,103.0715,0.99604,2972,NA,104.3871,1.01026,1985,2.69535,105.11708,1.02992,2949
"203","Romania",3.49538,99.12425,0.98367,20293,3.05943,98.68784,0.98226,24545,2.9541,97.61874,0.98106,33096,3.04938,NA,NA,NA,3.12642,NA,NA,NA,3.10676,88.48407,0.98508,82464,2.97411,86.34456,0.98746,104345,3.09539,84.56607,0.98672,126456,NA,86.94353,0.99153,135701,NA,NA,NA,NA
"204","Russian Federation",NA,NA,NA,NA,NA,101.39378,1.00615,21682,3.7931,101.33234,1.00604,24643,3.76383,100.04793,1.00546,22969,4.01388,98.02932,1.00672,149626,3.83403,99.47305,1.00792,80703,3.76044,100.12029,1.006,36857,4.68991,102.3353,0.9953,8523,NA,104.09201,0.98911,10839,NA,NA,NA,NA
"205","Rwanda",4.61529,150.07595,1.02528,NA,4.36722,149.87101,1.02981,NA,4.40366,149.1984,1.02244,NA,4.72194,146.00686,1.02393,NA,4.17978,142.09463,1.02469,NA,3.63234,140.56584,1.01361,NA,3.4193,141.19302,0.99879,13957,3.11083,137.17433,0.99264,42716,3.07375,132.12526,0.98631,81300,NA,129.96978,0.97976,121348
"206","Samoa",NA,109.93191,0.98587,157,NA,107.85874,1.00089,417,NA,107.23908,0.99772,382,NA,NA,NA,NA,NA,107.99744,1.00265,236,NA,106.39106,1.00033,165,4.16222,107.93271,1.01218,411,NA,108.69744,1.00264,185,NA,110.43128,0.99838,387,NA,115.72207,1.0103,NA
"207","San Marino",2.62884,120.30303,1.13082,NA,2.70296,108.68925,1.00521,NA,NA,103.75723,0.94788,NA,NA,NA,NA,NA,NA,NA,NA,NA,NA,NA,NA,NA,NA,NA,NA,NA,3.37033,NA,NA,NA,3.59286,116.89373,1.16476,NA,NA,110.08065,1.10741,79
"208","Sao Tome and Principe",9.65147,116.19757,0.99332,2718,NA,114.26579,0.97067,NA,6.33951,105.98756,0.9711,NA,5.93969,105.96625,0.9797,3728,3.74883,102.0392,0.96457,3702,3.8645,103.1691,0.96129,3817,5.17307,103.85953,0.95747,NA,5.08416,105.00261,0.96736,2100,5.14907,NA,NA,NA,NA,NA,NA,NA
"209","Saudi Arabia",NA,106.17968,0.99185,89185,NA,106.36617,0.99529,90164,NA,110.32458,1.00474,4621,NA,114.89821,0.9746,67693,NA,117.2198,0.97039,NA,NA,112.10066,1.03096,22068,NA,104.63059,0.99074,58970,NA,100.17458,1.01429,NA,NA,100.34702,1.01145,NA,NA,101.47726,1.01504,NA
"210","Senegal",5.18252,86.44265,1.05836,553211,4.87895,92.01571,1.12125,550287,4.73316,91.49765,1.113,503229,5.6725,89.37315,1.11834,540858,5.72021,90.46086,1.11969,541676,5.45638,89.78162,1.11954,563931,5.11309,NA,NA,NA,4.62497,NA,NA,NA,4.83328,NA,NA,NA,NA,87.58381,1.14192,681296
"211","Serbia",4.32781,95.64695,0.99495,15004,4.23836,101.51213,1.00036,7458,4.16421,100.56836,0.99994,10495,NA,100.94359,1.00093,10006,3.92698,101.36326,1.00448,3423,3.78902,101.22541,0.99775,2187,3.64027,100.46706,0.99799,2253,3.71509,100.36259,1.00096,2752,3.58539,100.31749,1.0003,3815,NA,99.59382,0.99901,4887
"212","Seychelles",NA,112.14249,1.03083,NA,3.60644,113.33853,1.05209,NA,2.61393,111.44253,1.03965,NA,3.60813,108.00806,1.02156,64,4.08368,106.37099,1.01518,84,NA,105.97335,1.03043,77,4.42102,103.56895,1.03249,152,NA,102.42356,1.05168,249,NA,103.31627,1.05868,269,NA,102.81319,1.04867,224
"213","Sierra Leone",2.58864,NA,NA,NA,2.6689,110.76908,0.9483,NA,2.87204,115.99032,0.98979,43719,2.37981,118.28518,1.00134,2476,2.66292,NA,NA,NA,NA,116.9143,1.01415,19253,3.06023,118.89392,1.01101,6104,4.63577,125.64213,1.01891,NA,6.98963,114.68657,1.03486,NA,7.70228,145.59427,1.02634,NA
"214","Singapore",3.08044,NA,NA,NA,3.03077,NA,NA,NA,3.07086,NA,NA,NA,2.85435,NA,NA,NA,NA,NA,NA,NA,NA,NA,NA,NA,NA,100.69286,0.99844,24,NA,100.57172,0.99893,72,NA,100.22494,0.99928,476,NA,NA,NA,NA
"215","Sint Maarten (Dutch part)",NA,NA,NA,NA,NA,NA,NA,NA,NA,121.31704,1.01615,NA,NA,NA,NA,NA,NA,128.86671,1.0108,NA,NA,NA,NA,NA,NA,NA,NA,NA,NA,NA,NA,NA,NA,NA,NA,NA,NA,NA,NA,NA
"216","Slovak Republic",4.08471,100.99314,0.99129,10409,3.92964,99.85448,0.99129,11670,3.8677,100.02166,0.99019,9150,4.07649,99.83907,0.98557,8543,4.22136,99.27775,0.99045,11034,4.59954,98.0883,0.99201,13359,3.91171,97.28014,0.98865,14552,3.93913,98.43949,0.99423,12554,NA,99.54251,0.99676,10196,NA,NA,NA,NA
"217","Slovenia",5.54546,99.46924,0.99947,683,5.54126,100.05976,1.00402,353,5.62023,100.60834,1.00608,431,5.40573,100.29107,1.00675,718,5.2917,99.95206,1.00462,894,4.90953,100.33198,1.00744,521,4.80178,100.2171,1.00739,558,4.78324,100.56636,1.00328,225,NA,102.13463,1.00138,294,NA,NA,NA,NA
"218","Small states",NA,105.80448,0.97362,540780,NA,105.88385,0.97236,511126,NA,105.91026,0.97697,511396,NA,105.56183,0.97731,519989,NA,105.45242,0.97803,523240,NA,105.85708,0.98353,512066,NA,105.58482,0.98106,533421,NA,105.62093,0.9815,508482,NA,105.69952,0.98271,521481,NA,105.89029,0.98688,520901
"219","Solomon Islands",9.86063,113.16806,0.97522,NA,NA,113.98751,0.97292,NA,NA,111.60158,0.97955,NA,NA,113.36846,0.98919,360,NA,111.78632,0.97229,492,NA,112.97701,0.98953,68,NA,113.67024,0.98814,NA,NA,112.19722,0.99269,NA,NA,105.99196,0.99609,4351,NA,NA,NA,NA
"220","Somalia",NA,NA,NA,NA,NA,NA,NA,NA,NA,NA,NA,NA,NA,NA,NA,NA,NA,NA,NA,NA,NA,NA,NA,NA,NA,NA,NA,NA,NA,NA,NA,NA,NA,NA,NA,NA,NA,NA,NA,NA
"221","South Africa",5.72174,102.66989,0.96171,NA,NA,101.26646,0.95955,NA,NA,101.00954,0.95824,NA,NA,100.44002,0.95783,NA,NA,100.65726,0.96124,NA,5.95619,101.9005,0.93338,311658,5.94285,101.4936,0.96804,NA,6.11306,99.1387,0.96667,567591,6.15899,96.59,0.96159,845478,6.50505,NA,NA,NA
"222","South Asia",3.42347002,106.05615,1.00033,15894082,2.82980001,106.34329,1.00874,17148413,2.349954963,107.63053,1.01264,15556466,2.98257494,111.05974,1.06814,13640044,3.121760011,109.19459,1.0605,12829052,2.946019888,109.65876,1.06115,13575013,2.500319958,116.54265,1.09157,12735420,NA,114.60604,1.08159,12823181,NA,98.89166,0.98713,12631548,NA,98.62101,0.98683,12764234
"223","South Asia (IDA & IBRD)",NA,106.05615,1.00033,15894082,NA,106.34329,1.00874,17148413,NA,107.63053,1.01264,15556466,NA,111.05974,1.06814,13640044,NA,109.19459,1.0605,12829052,NA,109.65876,1.06115,13575013,NA,116.54265,1.09157,12735420,NA,114.60604,1.08159,12823181,NA,98.89166,0.98713,12631548,NA,98.62101,0.98683,12764234
"224","South Sudan",NA,NA,NA,NA,0.96289,71.58802,0.66209,894162,NA,NA,NA,NA,1.0245,NA,NA,NA,1.23246,NA,NA,NA,1.46556,60.38093,0.7078,1088325,1.5439,NA,NA,NA,NA,NA,NA,NA,NA,NA,NA,NA,NA,NA,NA,NA
"225","Spain",4.85608,103.57508,0.99253,1785,4.89692,104.14684,0.99241,1223,4.46934,104.90096,0.99375,3127,4.35102,108.81614,1.01124,6223,4.30338,107.87827,1.01324,7383,4.28657,107.20858,1.01552,9277,4.22764,105.09839,1.01657,27756,4.20774,103.58476,1.01662,74969,NA,102.70377,1.01366,91786,NA,NA,NA,NA
"226","Sri Lanka",1.71774,98.24813,0.97522,89067,1.80861,97.51822,0.96063,87520,1.49617,98.76951,0.97666,83509,1.62107,99.42777,0.97622,61328,1.93288,100.18917,0.97728,45261,2.22875,100.57343,0.97894,16394,3.4492,100.37505,0.97871,16400,2.79925,99.90265,0.98571,12419,2.12421,99.61806,0.9893,9296,NA,NA,NA,NA
"227","St. Kitts and Nevis",NA,110.55456,0.94906,132,NA,110.42899,0.98126,NA,NA,109.69951,0.98385,17,NA,108.73786,1.00784,13,NA,108.39243,0.99587,4,2.64346,107.93336,0.99322,NA,NA,107.09163,0.97018,54,NA,NA,NA,NA,NA,NA,NA,NA,NA,NA,NA,NA
"228","St. Lucia",3.4829,NA,NA,NA,3.58824,NA,NA,NA,3.27299,NA,NA,NA,3.85985,NA,NA,NA,3.88069,NA,NA,NA,3.86773,99.48973,0.96816,235,5.20828,100.22562,0.96786,219,NA,101.45412,0.98946,228,3.3318,103.15652,1.0108,222,NA,103.2646,1.0181,260
"229","St. Martin (French part)",NA,NA,NA,NA,NA,NA,NA,NA,NA,NA,NA,NA,NA,NA,NA,NA,NA,NA,NA,NA,NA,NA,NA,NA,NA,NA,NA,NA,NA,NA,NA,NA,NA,NA,NA,NA,NA,NA,NA,NA
"230","St. Vincent and the Grenadines",5.08523,106.20562,0.94917,71,NA,105.08557,0.98462,97,NA,110.76745,0.97393,38,NA,109.58515,0.9617,21,NA,109.62926,0.98415,NA,NA,109.69748,0.99073,113,5.7334,109.37341,0.98936,94,5.73196,109.79887,0.9847,58,5.69378,112.74018,0.98844,NA,NA,NA,NA,NA
"231","Sub-Saharan Africa",3.836175084,93.5266,0.92473,32307826,3.925139904,94.76524,0.92299,31295264,4.101180077,96.29907,0.93662,31577318,4.498549938,96.9402,0.94396,31280815,NA,96.85492,0.95015,31616968,NA,95.82346,0.9565,32606645,NA,95.87703,0.95449,32698434,NA,95.98685,0.95403,33032968,NA,96.14986,0.95274,33975668,NA,96.60417,0.95469,33809353
"232","Sub-Saharan Africa (excluding high income)",3.836175084,93.51808,0.92466,32306617,3.925139904,94.75772,0.92292,31293926,4.101180077,96.29318,0.93656,31572586,4.498549938,96.93563,0.9439,31278446,NA,96.8502,0.9501,31615655,NA,95.81817,0.95646,32605505,NA,95.87244,0.95445,32696856,NA,95.98313,0.95399,33031711,NA,96.14635,0.9527,33974243,NA,96.60187,0.95465,33807920
"233","Sub-Saharan Africa (IDA & IBRD countries)",NA,93.5266,0.92473,32307826,NA,94.76524,0.92299,31295264,NA,96.29907,0.93662,31577318,NA,96.9402,0.94396,31280815,NA,96.85492,0.95015,31616968,NA,95.82346,0.9565,32606645,NA,95.87703,0.95449,32698434,NA,95.98685,0.95403,33032968,NA,96.14986,0.95274,33975668,NA,96.60417,0.95469,33809353
"234","Sudan",NA,67.76904,0.89659,NA,NA,65.17222,0.8846,2363794,NA,66.67713,0.88918,2621101,NA,68.05666,0.89694,2618997,NA,69.33065,0.92279,2652400,NA,69.78471,0.91316,2657780,NA,73.22094,0.93247,2561223,NA,74.41109,0.94004,2443016,NA,NA,NA,NA,NA,NA,NA,NA
"235","Suriname",NA,113.84338,0.99667,6263,NA,112.29691,1.00104,7418,NA,112.53292,0.99702,7124,NA,113.69895,1.01486,7399,NA,114.32242,1.01702,7665,NA,116.40878,1.01013,6595,NA,115.71443,1.0028,5850,NA,110.77448,1.00379,8579,NA,108.70755,0.99762,8601,NA,109.15439,0.99871,7676
"236","Sweden",6.52269,101.16406,0.99476,2051,6.36692,100.22249,0.99601,1649,7.53697,101.84269,0.99845,921,7.61121,123.98248,1.05919,253,7.57373,124.23183,1.05586,429,7.4439,125.52125,1.04178,17,7.61862,126.49916,1.02604,970,7.56883,127.44611,1.01348,1876,NA,129.7997,1.01764,892,NA,NA,NA,NA
"237","Switzerland",4.92605,102.60698,0.99543,2277,4.96986,102.85256,0.99509,1662,5.03337,103.02621,0.9976,1820,5.04048,103.50073,0.99811,992,5.05123,103.52739,1.00075,902,5.10057,104.03302,0.99718,794,5.10473,104.25858,0.99312,64,5.13019,104.82491,0.99324,706,NA,105.14774,0.99394,402,NA,NA,NA,NA
"238","Syrian Arab Republic",NA,114.71897,0.96541,21842,NA,119.51671,0.96708,NA,NA,126.0301,0.96362,NA,NA,80.203,0.96555,523049,NA,NA,NA,NA,NA,NA,NA,NA,NA,NA,NA,NA,NA,NA,NA,NA,NA,NA,NA,NA,NA,NA,NA,NA
"239","Tajikistan",4.00675,100.22987,0.9759,7997,3.93511,99.43094,0.97387,8812,4.01803,99.90893,0.98188,5662,NA,99.90239,0.98283,5206,NA,97.81987,0.99095,9406,5.23139,97.06409,0.9892,13296,NA,97.36612,0.98778,13580,NA,100.26503,0.98864,4181,NA,NA,NA,NA,NA,NA,NA,NA
"240","Tanzania",4.5417,103.78765,1.01842,604441,NA,98.88296,1.03478,NA,NA,95.28867,1.02372,1100928,NA,91.94853,1.04287,1370468,3.38488,88.96808,1.05102,1580287,NA,86.95237,1.05459,NA,NA,87.25864,1.04656,1563643,4.43051,90.75761,1.03474,1611822,3.69644,95.39328,1.02606,1895125,NA,99.9048,1.02305,1434649
"241","Thailand",3.50844,96.25137,0.98787,NA,4.80555,96.11465,0.98717,NA,4.53671,96.34154,0.98628,NA,4.12402,96.30109,0.98768,NA,NA,102.91761,1.0155,NA,NA,97.61979,0.94304,NA,NA,100.98333,1.00436,NA,NA,99.62144,0.99993,NA,NA,99.77536,1.00002,NA,NA,101.00751,0.99913,NA
"242","Timor-Leste",11.10764,119.17134,0.94508,18532,10.0757,122.90435,0.94361,13555,7.24187,123.38847,0.9458,16660,5.66715,124.47751,0.95505,14821,7.51547,126.23281,0.97546,13248,8.43326,126.59156,0.97537,10486,8.05194,123.81493,0.97057,10188,7.06049,117.58002,0.96472,5688,6.79295,113.211,0.96485,7728,NA,111.23898,0.97849,9004
"243","Togo",4.09635,120.79729,0.90242,NA,4.3093,118.83952,0.91023,NA,4.7192,122.15751,0.92367,NA,4.42365,123.19496,0.93575,NA,4.78455,120.26426,0.94243,89412,5.1086,124.85745,0.95155,69596,4.95558,122.00108,0.95166,96411,4.98976,121.41287,0.95395,90527,5.36957,121.51877,0.96445,66428,NA,122.18594,0.96636,40071
"244","Tokelau",NA,NA,NA,NA,NA,NA,NA,NA,NA,NA,NA,NA,NA,NA,NA,NA,NA,NA,NA,NA,NA,NA,NA,NA,NA,125,0.82908,NA,NA,NA,NA,NA,NA,NA,NA,NA,NA,NA,NA,NA
"245","Tonga",NA,107.26438,0.98085,NA,NA,109.18202,0.98387,NA,NA,113.16662,0.98994,198,NA,115.32123,0.99999,189,NA,115.42711,0.99529,NA,NA,115.98963,0.99429,163,NA,NA,NA,NA,NA,NA,NA,NA,NA,NA,NA,NA,NA,NA,NA,NA
"246","Trinidad and Tobago",NA,104.35096,0.96604,1509,NA,NA,NA,NA,NA,NA,NA,NA,NA,NA,NA,NA,NA,NA,NA,NA,NA,NA,NA,NA,NA,NA,NA,NA,NA,NA,NA,NA,NA,NA,NA,NA,NA,NA,NA,NA
"247","Tunisia",6.25481,106.97377,0.99608,11187,NA,107.70755,0.99837,11208,6.25037,110.17192,1.00482,13913,NA,111.30299,0.99849,11036,NA,113.37516,1.00071,NA,6.59601,114.58058,1.00043,NA,NA,115.07786,1.00265,NA,NA,115.39435,0.99575,NA,NA,114.9282,0.99137,NA,NA,NA,NA,NA
"248","Turkey",NA,100.57778,0.98613,247866,NA,100.55997,0.99054,311775,NA,97.90453,0.98567,404089,NA,106.78929,0.99334,342826,NA,106.06443,0.99543,277326,NA,102.6663,0.99315,277670,NA,100.62768,0.99381,310864,NA,92.67105,0.98987,273461,NA,94.35992,0.98871,266561,NA,NA,NA,NA
"249","Turkmenistan",NA,NA,NA,NA,NA,NA,NA,NA,3.04925,NA,NA,NA,NA,NA,NA,NA,NA,NA,NA,NA,NA,NA,NA,NA,NA,NA,NA,NA,NA,NA,NA,NA,NA,NA,NA,NA,NA,116.83247,0.98206,NA
"250","Turks and Caicos Islands",NA,NA,NA,NA,NA,NA,NA,NA,NA,NA,NA,NA,NA,NA,NA,NA,NA,74.82759,1.01087,1196,3.15745,73.57269,0.98356,967,NA,NA,NA,NA,NA,NA,NA,NA,2.91435,116.40726,0.99734,NA,NA,NA,NA,NA
"251","Tuvalu",NA,NA,NA,NA,NA,NA,NA,NA,NA,NA,NA,NA,NA,NA,NA,NA,NA,94.13408,0.96024,131,NA,97.787,0.96159,71,NA,85.08892,0.93574,178,NA,NA,NA,NA,NA,82.46319,0.92247,NA,NA,104.10053,0.91853,231
"252","Uganda",1.74151,122.41609,1.00713,575155,2.31769,114.93898,1.01091,370317,1.81216,114.61001,1.01248,NA,1.88643,113.00964,1.01719,328897,1.93036,NA,NA,NA,2.34049,103.72411,1.02101,NA,2.15536,105.66304,1.03222,NA,2.27205,104.12882,1.02789,NA,2.13052,NA,NA,NA,NA,NA,NA,NA
"253","Ukraine",NA,99.10597,1.00568,143343,6.16237,101.2645,1.01228,110652,6.69233,101.69773,1.01615,100077,6.67166,102.05722,1.01812,101371,5.87494,100.11248,1.02122,136260,NA,NA,NA,NA,5.00978,NA,NA,NA,5.41226,NA,NA,NA,NA,NA,NA,NA,NA,NA,NA,NA
"254","United Arab Emirates",NA,NA,NA,NA,NA,NA,NA,NA,NA,100.89756,1.01858,21919,NA,100.07414,1.02782,25610,NA,104.061,1.01874,9333,NA,111.64165,1.00174,446,NA,106.67191,0.96452,2574,NA,107.34338,0.98093,5636,NA,NA,NA,NA,NA,NA,NA,NA
"255","United Kingdom",5.70324,104.26413,0.99458,68120,5.59523,104.35634,0.9987,70472,NA,106.22143,0.99955,64029,5.5298,106.98184,0.99763,11885,5.599,102.15237,0.99803,4433,5.55616,101.85664,0.99868,2978,5.4267,101.24605,0.99828,16211,5.44209,101.00604,0.99713,20508,NA,100.84584,0.99711,32122,NA,NA,NA,NA
"256","United States",NA,99.81811,0.99,575132,NA,99.59456,1.00404,887458,NA,98.38959,0.9848,672416,4.93105,99.03338,0.99172,611514,4.96174,99.50208,0.99664,NA,NA,100.28726,0.99975,446256,NA,101.27641,0.99833,88850,NA,101.422,0.99234,104711,NA,101.19637,0.99884,141533,NA,NA,NA,NA
"257","Upper middle income",4.546990156,103.60566,0.98434,7110725,4.492980003,103.87701,0.98607,7367895,4.422790051,103.884,0.98393,7617329,4.587560177,103.30731,0.9894,8176267,NA,101.22827,0.99029,8243885,NA,101.13808,0.98858,7917221,NA,101.97016,0.99311,8032710,NA,102.46286,0.99336,7722183,NA,102.87006,0.99414,7857206,NA,103.77638,0.99361,8176242
"258","Uruguay",NA,110.92995,0.9676,470,4.35527,111.51822,0.97039,586,NA,110.37673,0.97184,677,NA,110.22646,0.97447,245,NA,110.05648,0.97781,8590,NA,109.7999,0.97838,41,4.7591,108.50735,0.97883,NA,4.8403,107.55987,0.98391,857,5.04759,105.4961,0.99043,380,NA,NA,NA,NA
"259","Uzbekistan",NA,93.09107,0.98264,123898,NA,93.55072,0.97978,108942,NA,95.38831,0.9813,74512,6.09001,96.76722,0.98275,50823,6.02527,97.67733,0.98431,20871,5.78638,99.19156,0.98564,15391,5.66773,100.84059,0.98604,15174,5.28134,102.86976,0.98534,16680,NA,103.42759,0.98505,17322,NA,101.57236,0.9877,15291
"260","Vanuatu",NA,121.87558,0.99058,NA,NA,NA,NA,NA,NA,NA,NA,NA,NA,116.30005,0.96751,NA,4.91083,NA,NA,NA,5.39081,107.77811,0.9737,3300,NA,NA,NA,NA,4.53353,NA,NA,NA,NA,NA,NA,NA,NA,NA,NA,NA
"261","Venezuela, RB",NA,101.28894,0.97244,117246,NA,101.11292,0.97535,120920,NA,101.28929,0.98064,132663,NA,101.8808,0.98689,163201,NA,100.42679,0.98252,195773,NA,99.77385,0.97773,208182,NA,97.79953,0.97699,278368,NA,95.99872,0.97708,324992,NA,NA,NA,NA,NA,NA,NA,NA
"262","Vietnam",5.13722,103.16561,0.95437,0,4.81372,104.95465,0.96033,0,5.53329,108.3855,1.01138,0,5.652,107.50346,0.98398,0,NA,110.23586,0.99837,NA,NA,110.12642,1.00418,NA,4.34481,112.0794,1.01511,NA,NA,110.15374,1.01762,NA,4.16745,111.85383,1.02183,NA,NA,116.72459,1.02139,NA
"263","Virgin Islands (U.S.)",NA,NA,NA,NA,NA,NA,NA,NA,NA,NA,NA,NA,NA,NA,NA,NA,NA,NA,NA,NA,NA,NA,NA,NA,NA,NA,NA,NA,NA,NA,NA,NA,NA,NA,NA,NA,NA,NA,NA,NA
"264","West Bank and Gaza",6.72547,90.3847,0.9801,43032,5.7027,92.58177,0.98853,37982,5.13268,94.91647,0.98242,23624,5.3025,96.67234,1.00465,21994,NA,97.38704,0.99323,17468,5.14136,97.50489,0.99987,19492,5.71773,97.53469,1.00168,18698,5.25234,98.80956,0.99789,12194,NA,98.7356,1.00261,13014,NA,97.6985,0.99934,17559
"265","World",4.622389793,101.79062,0.97455,60389256,4.492980003,102.25396,0.97698,60620757,4.614655018,103.12288,0.98059,58672297,4.735710144,103.90024,0.99779,57102651,4.900424957,102.65799,0.9978,56900690,NA,102.41614,0.99949,58243450,NA,104.32732,1.00767,57332543,NA,103.91949,1.00427,57409274,NA,100.1658,0.98104,58075853,NA,100.60778,0.98138,58361643
"266","Yemen, Rep.",NA,82.25073,0.81527,648153,NA,85.7604,0.81435,NA,NA,85.879,0.82601,561198,NA,89.4161,0.83883,541077,NA,NA,NA,NA,NA,NA,NA,NA,NA,87.10226,0.87172,649902,NA,NA,NA,NA,NA,NA,NA,NA,NA,NA,NA,NA
"267","Zambia",NA,107.31358,1.00627,378994,NA,107.48265,0.98924,292728,NA,108.37373,1.00451,264378,NA,102.89172,1.00346,352280,NA,104.51504,1.0035,NA,4.62432,101.6142,1.00302,NA,3.74792,99.59312,1.02007,NA,3.72965,99.90419,1.0242,495692,4.61809,NA,NA,NA,NA,NA,NA,NA
"268","Zimbabwe",1.54406,NA,NA,NA,NA,NA,NA,NA,6.07021,111.38533,0.98006,13894,5.99598,108.71179,0.97872,11796,6.13835,NA,NA,NA,NA,NA,NA,NA,NA,NA,NA,NA,5.81878,NA,NA,NA,5.87135,NA,NA,NA,NA,NA,NA,NA
